task_id,label,sensor_id,assigned_server,latency,reward,predicted_failure,cpu_demand,memory_demand
1,Task_S4_1,S4,1,35.42740400059952,3.150743706615882,0.0,3.0,827.0
2,Task_S5_2,S5,2,26.31169895701,3.1754397186644496,1.0,3.0,2436.0
3,Task_S3_3,S3,3,20.493427283412363,3.873751788685592,1.0,3.0,718.0
4,Task_S5_4,S5,4,42.9727584616343,2.497136309141436,0.0,3.0,2050.0
5,Task_S5_5,S5,5,25.46430288770713,3.029090274547796,1.0,3.0,721.0
6,Task_S2_6,S2,6,50.44959243476104,1.1830547553775328,1.0,3.0,583.0
7,Task_S3_7,S3,7,56.5721927272784,0.9843035287241195,1.0,4.0,2764.0
8,Task_S3_8,S3,8,53.814362222689674,2.029441428251657,0.0,3.0,894.0
9,Task_S3_9,S3,9,33.0630855672928,3.3523077598944844,0.0,3.0,2535.0
10,Task_S5_10,S5,10,57.86914663631187,2.013171014120967,0.0,4.0,1816.0
11,Task_S4_11,S4,11,30.2614895465763,3.574675882186881,0.0,3.0,602.0
12,Task_S3_12,S3,12,38.3215783012451,1.786840778956833,1.0,3.0,2884.0
13,Task_S5_13,S5,13,17.224476249668697,4.687179500840046,1.0,3.0,1042.0
14,Task_S2_14,S2,14,25.285999803968,3.042100803176922,1.0,3.0,2635.0
15,Task_S4_15,S4,15,41.87498031306553,2.72300601862243,0.0,3.0,838.0
16,Task_S2_16,S2,16,41.4184172452052,1.7626819751705014,1.0,4.0,2620.0
17,Task_S4_17,S4,17,21.23283960921302,3.8682930790566914,1.0,3.0,434.0
18,Task_S5_18,S5,18,43.21195818841255,2.624733762260961,0.0,3.0,1730.0
19,Task_S1_19,S1,19,32.117078262484604,3.3886311456950495,0.0,4.0,2400.0
20,Task_S4_20,S4,20,47.2576119011831,1.3966876520795366,1.0,4.0,2830.0
21,Task_S2_21,S2,21,38.1879776499919,1.8010323143646816,1.0,4.0,2763.0
22,Task_S5_22,S5,22,55.5972123685922,1.8009820678263124,0.0,3.0,2531.0
23,Task_S4_23,S4,23,56.374333976268204,0.9925117808341359,1.0,3.0,2709.0
24,Task_S1_24,S1,24,33.68387184077809,3.2167942822653726,0.0,3.0,917.0
25,Task_S1_25,S1,25,29.72716021765307,3.596902937789949,0.0,3.0,1138.0
26,Task_S3_26,S3,26,30.25898268633756,3.3444455166087153,0.0,2.0,1151.0
27,Task_S3_27,S3,27,49.130282129750775,2.2135656170458518,0.0,3.0,1380.0
28,Task_S2_28,S2,28,30.24034802691195,3.337566022636176,0.0,3.0,1422.0
29,Task_S4_29,S4,29,27.44159416878458,2.763788684904618,1.0,3.0,1815.0
30,Task_S4_30,S4,1,17.46597059877604,5.820924269715121,0.0,3.0,815.0
31,Task_S3_31,S3,2,39.6539314645942,1.973791804025364,1.0,3.0,2197.0
32,Task_S4_32,S4,3,33.46364896775229,2.1227746796072062,1.0,3.0,835.0
33,Task_S4_33,S4,4,49.67035868347542,2.1965414615440655,0.0,3.0,1206.0
34,Task_S1_34,S1,5,27.3930345557226,3.7724058351947565,0.0,3.0,1708.0
35,Task_S3_35,S3,6,37.5933782465412,1.8305228382022718,1.0,3.0,2470.0
36,Task_S5_36,S5,7,53.949329587851096,1.067212296599192,1.0,4.0,2322.0
37,Task_S3_37,S3,8,53.3368910632957,2.0454723314815113,0.0,3.0,2078.0
38,Task_S5_38,S5,9,29.40949542669291,3.7050249507787107,0.0,3.0,805.0
39,Task_S1_39,S1,10,37.47655042446971,2.9134739175834556,0.0,3.0,1822.0
40,Task_S2_40,S2,11,25.26824015736981,3.182730529294952,1.0,3.0,627.0
41,Task_S4_41,S4,12,54.20791643512896,1.055042297930608,1.0,4.0,1381.0
42,Task_S1_42,S1,13,22.121465523432672,4.525038726524878,0.0,3.0,1475.0
43,Task_S4_43,S4,14,49.8675256328536,1.2036850868935174,1.0,3.0,503.0
44,Task_S2_44,S2,15,42.91650336652333,2.667691746830446,0.0,3.0,1112.0
45,Task_S2_45,S2,16,45.6863291819337,2.5471700720142127,0.0,3.0,2884.0
46,Task_S1_46,S1,17,25.703586333165802,3.1152574231524,1.0,4.0,2879.0
47,Task_S2_47,S2,18,35.60409937816331,2.0948367028408335,1.0,3.0,1316.0
48,Task_S5_48,S5,19,28.87022561643751,2.716856451693089,1.0,4.0,512.0
49,Task_S2_49,S2,20,20.776986690271258,4.9164792445986985,0.0,3.0,865.0
50,Task_S4_50,S4,21,43.35521545466232,1.5037555919444938,1.0,3.0,1419.0
51,Task_S4_51,S4,22,63.1671723683314,1.5925398709274248,0.0,3.0,2864.0
52,Task_S4_52,S4,23,36.3231402685644,2.92887511305864,0.0,3.0,767.0
53,Task_S4_53,S4,24,50.515837025444604,2.2747604707947437,0.0,4.0,2385.0
54,Task_S5_54,S5,25,16.1508911145117,5.173053983512671,1.0,3.0,682.0
55,Task_S3_55,S3,26,41.4630283387664,1.5003549119839068,1.0,3.0,2951.0
56,Task_S1_56,S1,27,21.61535389499856,3.6405380727314878,1.0,3.0,1392.0
57,Task_S4_57,S4,28,46.5898824271481,2.2378643284230333,0.0,3.0,2415.0
58,Task_S2_58,S2,29,53.99297040511091,2.0662255975733554,0.0,4.0,1290.0
59,Task_S4_59,S4,1,46.63080470193,1.5050393329348557,1.0,3.0,2031.0
60,Task_S2_60,S2,2,17.56833103419738,4.899518738986945,1.0,3.0,899.0
61,Task_S2_61,S2,3,28.08492145026381,3.659374336266303,0.0,2.0,779.0
62,Task_S4_62,S4,4,46.221368992019805,1.340686382463466,1.0,3.0,2838.0
63,Task_S5_63,S5,5,40.057724858087695,2.6860105225127135,0.0,3.0,2785.0
64,Task_S2_64,S2,6,56.8828566417744,1.9670320042656617,0.0,3.0,2707.0
65,Task_S2_65,S2,7,52.7174750405653,1.108945473105067,1.0,4.0,2026.0
66,Task_S4_66,S4,8,46.9807275499405,2.289272188005435,0.0,3.0,2501.0
67,Task_S2_67,S2,9,27.83579798515607,3.8844900693894937,0.0,3.0,579.0
68,Task_S2_68,S2,10,26.56571249510863,2.942183425026019,1.0,3.0,1270.0
69,Task_S4_69,S4,11,20.31311335036823,5.067799061693372,0.0,3.0,1215.0
70,Task_S4_70,S4,12,34.459296524846195,2.063842774780476,1.0,4.0,2052.0
71,Task_S1_71,S1,13,33.15435174342713,3.127937947371267,0.0,3.0,1325.0
72,Task_S5_72,S5,14,40.96350516553075,1.6208173482495796,1.0,3.0,786.0
73,Task_S5_73,S5,15,46.080464952278966,2.514666635343351,0.0,3.0,1950.0
74,Task_S2_74,S2,16,25.3913165543484,4.194340520329928,0.0,4.0,2517.0
75,Task_S5_75,S5,17,32.77797804522595,3.33095083619107,0.0,3.0,1393.0
76,Task_S2_76,S2,18,20.99064798497476,3.9102898573289426,1.0,3.0,743.0
77,Task_S1_77,S1,19,20.8294547777389,4.950007547786285,0.0,3.0,911.0
78,Task_S4_78,S4,20,48.17936895669179,1.3578486831217176,1.0,3.0,1017.0
79,Task_S4_79,S4,21,17.57527737757927,5.632728976882648,0.0,3.0,1179.0
80,Task_S4_80,S4,22,37.1236509526669,2.657154230240833,0.0,3.0,2071.0
81,Task_S5_81,S5,23,26.54043752965105,2.880596534515289,1.0,3.0,1962.0
82,Task_S1_82,S1,24,56.222246827510496,1.0811818951153418,1.0,3.0,2209.0
83,Task_S5_83,S5,25,38.994146329911075,2.8428190595465637,0.0,3.0,1342.0
84,Task_S5_84,S5,26,31.967194929513603,2.1786835104238236,1.0,3.0,2542.0
85,Task_S1_85,S1,27,34.75023108167998,3.0159480754739114,0.0,3.0,930.0
86,Task_S1_86,S1,28,47.356984105860604,1.20453096832214,1.0,4.0,1619.0
87,Task_S1_87,S1,29,60.736923736815996,0.8675875707561427,1.0,3.0,2482.0
88,Task_S1_88,S1,1,23.15990259034085,3.544647228205907,1.0,2.0,868.0
89,Task_S4_89,S4,2,48.87549136380398,2.5189978803690667,0.0,3.0,685.0
90,Task_S3_90,S3,3,60.8600561466435,1.83771870733962,0.0,4.0,2697.0
91,Task_S3_91,S3,4,53.11490739715225,1.0709206968238538,1.0,3.0,1291.0
92,Task_S1_92,S1,5,46.3068858982938,1.3642724348799282,1.0,3.0,2178.0
93,Task_S3_93,S3,6,37.5223580328195,1.8352998500196698,1.0,3.0,465.0
94,Task_S3_94,S3,7,37.0990348766757,2.872092282953439,0.0,4.0,2194.0
95,Task_S1_95,S1,8,46.20523234226212,2.3235112729740828,0.0,3.0,1221.0
96,Task_S3_96,S3,9,33.97639183067404,3.275649766853136,0.0,3.0,544.0
97,Task_S5_97,S5,10,47.02508874925732,2.3967333111282945,0.0,4.0,1985.0
98,Task_S2_98,S2,11,32.26876576290305,2.381674338752713,1.0,3.0,1026.0
99,Task_S2_99,S2,12,46.28835270840004,2.358393496462195,0.0,3.0,1405.0
100,Task_S1_100,S1,13,46.02641126390668,2.326517986933322,0.0,3.0,609.0
101,Task_S4_101,S4,14,19.77057252834689,4.052298082259733,1.0,3.0,782.0
102,Task_S1_102,S1,15,49.19089268441507,1.383036765397538,1.0,3.0,1174.0
103,Task_S4_103,S4,16,34.77873477889434,2.2001717145736306,1.0,2.0,633.0
104,Task_S2_104,S2,17,57.6273778045311,2.076129820854227,0.0,3.0,2768.0
105,Task_S1_105,S1,18,29.330679815032322,2.6598939686451004,1.0,2.0,415.0
106,Task_S5_106,S5,19,33.45180226055745,2.271646865066271,1.0,3.0,1658.0
107,Task_S3_107,S3,20,50.20464625641207,1.2774234787911323,1.0,2.0,720.0
108,Task_S4_108,S4,21,26.04659886514943,3.9465518413453853,0.0,3.0,1199.0
109,Task_S3_109,S3,22,57.8072672890832,0.7345806998771118,1.0,4.0,2807.0
110,Task_S3_110,S3,23,33.46285209293803,2.1512472643699545,1.0,3.0,820.0
111,Task_S1_111,S1,24,45.1196378583887,1.5018835782570386,1.0,4.0,2911.0
112,Task_S3_112,S3,25,27.01405816044188,3.912089490176734,0.0,3.0,935.0
113,Task_S5_113,S5,26,44.562047434829395,2.340174260033201,0.0,3.0,2328.0
114,Task_S3_114,S3,27,32.11525229471355,3.238519908118393,0.0,3.0,1821.0
115,Task_S1_115,S1,28,25.069000028424,3.9725511129860043,0.0,3.0,2699.0
116,Task_S5_116,S5,29,30.0818565353149,2.4651224007617962,1.0,3.0,1840.0
117,Task_S2_117,S2,1,19.20443158529561,4.3549669136380285,1.0,4.0,1789.0
118,Task_S3_118,S3,2,53.675145487063496,1.3429897185273085,1.0,3.0,908.0
119,Task_S1_119,S1,3,52.79087009946146,1.0802182085936889,1.0,3.0,832.0
120,Task_S2_120,S2,4,39.7205708633939,1.6787623103422011,1.0,4.0,2782.0
121,Task_S2_121,S2,5,45.39673075863624,1.4057395369224368,1.0,3.0,1252.0
122,Task_S4_122,S4,6,30.66931325093465,3.3970355955019733,0.0,4.0,1367.0
123,Task_S5_123,S5,7,48.7214338430081,2.258558952216478,0.0,3.0,2375.0
124,Task_S3_124,S3,8,48.6219069933357,2.2203409959300457,0.0,3.0,1280.0
125,Task_S1_125,S1,9,62.247061593996605,1.9976795326231065,0.0,4.0,2875.0
126,Task_S4_126,S4,10,37.6015520309713,1.9050577437099512,1.0,3.0,2318.0
127,Task_S5_127,S5,11,51.09849947169636,1.2952930575736916,1.0,4.0,1953.0
128,Task_S4_128,S4,12,34.0887751123666,3.093622109247018,0.0,3.0,2690.0
129,Task_S5_129,S5,13,52.25816896028918,2.0776995886950274,0.0,3.0,528.0
130,Task_S5_130,S5,14,16.37259894903371,4.993985431287781,1.0,3.0,1068.0
131,Task_S3_131,S3,15,42.18662460491663,2.7061751712614437,0.0,3.0,1609.0
132,Task_S5_132,S5,16,41.330960279182875,2.76755256802023,0.0,3.0,990.0
133,Task_S4_133,S4,17,49.192589717893206,2.362768043240192,0.0,4.0,2334.0
134,Task_S5_134,S5,18,28.765207555262002,3.7225294248547094,0.0,3.0,2789.0
135,Task_S3_135,S3,19,55.0502028980272,1.1531559577390142,1.0,3.0,1501.0
136,Task_S3_136,S3,20,23.695054963457927,3.3738694037224475,1.0,3.0,1289.0
137,Task_S4_137,S4,21,49.410295647382,2.232951039081382,0.0,4.0,2900.0
138,Task_S2_138,S2,22,26.69012479168143,2.6455063810559545,1.0,3.0,1556.0
139,Task_S2_139,S2,23,30.64628588669148,3.4095006364826252,0.0,3.0,1671.0
140,Task_S5_140,S5,24,38.42979000956977,2.8697633326260648,0.0,3.0,1314.0
141,Task_S1_141,S1,25,40.511866891740894,1.7514028685942877,1.0,3.0,2764.0
142,Task_S5_142,S5,26,25.805445321724356,3.875950369024693,0.0,4.0,1879.0
143,Task_S4_143,S4,27,28.7457257301953,3.58059090022229,0.0,4.0,2381.0
144,Task_S4_144,S4,28,39.2792788650735,1.6192434509895297,1.0,3.0,2510.0
145,Task_S4_145,S4,29,46.73535667594436,2.3426946345427293,0.0,3.0,1288.0
146,Task_S4_146,S4,1,53.556612181076446,2.2385160818076564,0.0,3.0,1527.0
147,Task_S4_147,S4,2,26.3952395576567,4.164274331829354,0.0,3.0,2606.0
148,Task_S3_148,S3,3,32.44647587416153,2.2110182844047612,1.0,4.0,1344.0
149,Task_S2_149,S2,4,26.330979283789198,2.881852759890819,1.0,4.0,2464.0
150,Task_S4_150,S4,5,24.8965994187716,4.111926127893689,0.0,3.0,2846.0
151,Task_S1_151,S1,6,46.570482155642395,1.3415486853743053,1.0,3.0,2020.0
152,Task_S1_152,S1,7,45.739132415538094,1.3868886719019669,1.0,4.0,2328.0
153,Task_S1_153,S1,8,28.987029609130303,3.5398771520381627,0.0,4.0,2493.0
154,Task_S1_154,S1,9,32.338028759379,2.4161558825797713,1.0,4.0,2597.0
155,Task_S3_155,S3,10,18.084003537919052,5.554478974930155,0.0,3.0,1427.0
156,Task_S1_156,S1,11,46.06431319706418,2.5006041154556966,0.0,3.0,533.0
157,Task_S4_157,S4,12,56.21201536801971,1.9915924547384751,0.0,3.0,1444.0
158,Task_S5_158,S5,13,26.177212458980797,2.87960659599357,1.0,4.0,2151.0
159,Task_S1_159,S1,14,27.11356356576221,3.7947962347636235,0.0,4.0,1570.0
160,Task_S3_160,S3,15,56.4729019190626,1.1305938545464689,1.0,4.0,2347.0
161,Task_S3_161,S3,16,53.69932350134003,2.233391594249441,0.0,3.0,1328.0
162,Task_S1_162,S1,17,37.0367691466248,2.999477142225053,0.0,3.0,2050.0
163,Task_S5_163,S5,18,16.448356353864668,6.094101113109177,0.0,3.0,884.0
164,Task_S1_164,S1,19,23.317476024097203,4.481309980247728,0.0,4.0,2348.0
165,Task_S3_165,S3,20,42.05204223732974,2.6472458857179584,0.0,3.0,1818.0
166,Task_S2_166,S2,21,30.36864140683301,2.4371263561111207,1.0,3.0,930.0
167,Task_S4_167,S4,22,16.94094235857769,5.607953818705659,0.0,3.0,1158.0
168,Task_S3_168,S3,23,45.0620089040661,2.420558669358979,0.0,4.0,2346.0
169,Task_S1_169,S1,24,18.72591752716067,4.403082511441123,1.0,3.0,1654.0
170,Task_S4_170,S4,25,46.303287051080844,1.4564711455902377,1.0,3.0,961.0
171,Task_S1_171,S1,26,36.8318383829488,1.7886413322333787,1.0,4.0,2914.0
172,Task_S1_172,S1,27,22.906945377988798,3.4016482241981265,1.0,3.0,2259.0
173,Task_S2_173,S2,28,47.9768416623435,1.1783586666786587,1.0,4.0,2888.0
174,Task_S4_174,S4,29,33.45974216700666,3.1497483430269244,0.0,3.0,1510.0
175,Task_S4_175,S4,1,57.12832096327837,1.1258895089306669,1.0,3.0,1635.0
176,Task_S2_176,S2,2,45.441364310553396,2.667257950757749,0.0,4.0,2734.0
177,Task_S3_177,S3,3,29.8352086646703,2.464212662803409,1.0,4.0,1765.0
178,Task_S1_178,S1,4,49.5721804401327,2.2003727918932707,0.0,3.0,2238.0
179,Task_S5_179,S5,5,26.137927509150387,3.935295030867214,0.0,3.0,1055.0
180,Task_S1_180,S1,6,53.97717574943693,1.058341414012145,1.0,3.0,1561.0
181,Task_S1_181,S1,7,28.59372707582972,3.6264483654562945,0.0,3.0,720.0
182,Task_S3_182,S3,8,36.6724829774487,2.8595594085417684,0.0,2.0,935.0
183,Task_S1_183,S1,9,14.0351885514484,7.067642324425966,0.0,3.0,402.0
184,Task_S2_184,S2,10,29.555295189521782,2.58724349044484,1.0,3.0,502.0
185,Task_S2_185,S2,11,57.9992312877399,1.070789316958015,1.0,3.0,2940.0
186,Task_S4_186,S4,12,47.376550251311606,2.310825083748811,0.0,3.0,1030.0
187,Task_S5_187,S5,13,29.595781577693103,2.4684777929867128,1.0,3.0,2124.0
188,Task_S1_188,S1,14,31.9514589248175,3.2725612954182655,0.0,4.0,2581.0
189,Task_S1_189,S1,15,51.85079845860484,2.2827624329845277,0.0,3.0,1831.0
190,Task_S3_190,S3,16,51.20681530786443,1.3206741466864331,1.0,3.0,798.0
191,Task_S2_191,S2,17,25.2799505362903,4.17562427326311,0.0,3.0,2293.0
192,Task_S5_192,S5,18,37.80561390834358,1.9398489890729174,1.0,3.0,1960.0
193,Task_S4_193,S4,19,35.004428820085096,2.146477185758748,1.0,3.0,2301.0
194,Task_S2_194,S2,20,56.8342443154397,1.0535550953642323,1.0,4.0,2401.0
195,Task_S4_195,S4,21,28.0213313671025,3.694970584588587,0.0,4.0,2936.0
196,Task_S3_196,S3,22,27.90136034266873,2.494155340363872,1.0,4.0,1891.0
197,Task_S3_197,S3,23,46.54006796843762,1.353060947367228,1.0,3.0,1288.0
198,Task_S1_198,S1,24,22.4817931989517,3.5922283765866148,1.0,3.0,2086.0
199,Task_S5_199,S5,25,32.59114444872574,3.319428233626759,0.0,2.0,577.0
200,Task_S4_200,S4,26,41.3504465253694,2.506615271617397,0.0,4.0,2733.0
201,Task_S2_201,S2,27,26.92800030694646,3.7993992403647225,0.0,3.0,710.0
202,Task_S3_202,S3,28,32.04484950527264,3.162767563298955,0.0,3.0,1252.0
203,Task_S1_203,S1,29,43.8023134253489,1.4798389639464946,1.0,3.0,2520.0
204,Task_S1_204,S1,1,26.21975525383455,4.079360012257378,0.0,4.0,1953.0
205,Task_S4_205,S4,2,39.997096894950445,1.9532022055878446,1.0,3.0,1423.0
206,Task_S3_206,S3,3,50.37195674387478,1.1677539944293622,1.0,3.0,1630.0
207,Task_S5_207,S5,4,53.5155533032347,2.0573399589935644,0.0,4.0,2621.0
208,Task_S3_208,S3,5,22.5760532065295,4.492007320060403,0.0,3.0,1284.0
209,Task_S4_209,S4,6,29.2754246922172,2.5424137540695075,1.0,4.0,2661.0
210,Task_S4_210,S4,7,23.87272231249349,3.26782251688996,1.0,3.0,629.0
211,Task_S3_211,S3,8,36.5413687373537,2.868830172297582,0.0,4.0,2419.0
212,Task_S4_212,S4,9,39.3563424860509,1.8945036603191392,1.0,3.0,2603.0
213,Task_S3_213,S3,10,41.5515181602192,1.6645807435769946,1.0,3.0,872.0
214,Task_S2_214,S2,11,19.86172220747201,4.169320083536469,1.0,3.0,1518.0
215,Task_S3_215,S3,12,15.538405239670219,5.290240076154199,1.0,3.0,830.0
216,Task_S3_216,S3,13,36.8622761946812,2.8412046619899516,0.0,3.0,2237.0
217,Task_S4_217,S4,14,46.84606867032073,1.3278301749035921,1.0,3.0,1791.0
218,Task_S4_218,S4,15,27.996617225467503,2.839321573034958,1.0,3.0,2051.0
219,Task_S1_219,S1,16,40.21450982068085,2.831545380359274,0.0,3.0,910.0
220,Task_S1_220,S1,17,25.145821724293448,4.1951449666003455,0.0,3.0,950.0
221,Task_S2_221,S2,18,47.982909584169484,1.4044306345967748,1.0,3.0,507.0
222,Task_S1_222,S1,19,52.01447572820919,1.2553183555708203,1.0,3.0,1237.0
223,Task_S3_223,S3,20,31.16816876859088,2.433138826779954,1.0,3.0,1855.0
224,Task_S4_224,S4,21,32.3529040404949,3.247468956973175,0.0,4.0,2630.0
225,Task_S1_225,S1,22,37.1222156996122,2.65725298450581,0.0,3.0,2134.0
226,Task_S1_226,S1,23,27.281415611402668,3.785463054847877,0.0,3.0,1532.0
227,Task_S2_227,S2,24,51.2859152187919,2.2461707871021006,0.0,4.0,2878.0
228,Task_S2_228,S2,25,54.3927749894172,2.147742740722845,0.0,3.0,2270.0
229,Task_S3_229,S3,26,51.0158328736619,2.0678566454019807,0.0,3.0,2818.0
230,Task_S4_230,S4,27,51.83266154251215,2.1115319053629076,0.0,3.0,1771.0
231,Task_S2_231,S2,28,31.24544206060982,2.237790848039467,1.0,4.0,1073.0
232,Task_S1_232,S1,29,18.93942575109579,5.263000933441357,0.0,3.0,537.0
233,Task_S4_233,S4,1,50.9571409651938,1.3302209463345105,1.0,3.0,2287.0
234,Task_S4_234,S4,2,27.99591917973414,2.9627662666771184,1.0,3.0,715.0
235,Task_S1_235,S1,3,42.78690967670087,2.5049542355621774,0.0,2.0,1187.0
236,Task_S2_236,S2,4,29.747879481761267,2.475257856212947,1.0,3.0,1784.0
237,Task_S1_237,S1,5,22.58660103340362,4.490110498275134,0.0,3.0,1867.0
238,Task_S4_238,S4,6,59.51085338034326,1.892000856880422,0.0,3.0,1961.0
239,Task_S5_239,S5,7,20.40937961177011,4.918203843370807,0.0,2.0,832.0
240,Task_S5_240,S5,8,56.47342602122063,1.9450365970593717,0.0,3.0,1387.0
241,Task_S3_241,S3,9,59.114722255178506,1.0800644302795757,1.0,3.0,2004.0
242,Task_S1_242,S1,10,56.3603693965608,2.0578522774707104,0.0,4.0,2921.0
243,Task_S1_243,S1,11,47.836123273375904,2.4235165623886723,0.0,3.0,2291.0
244,Task_S3_244,S3,12,47.1061308522649,2.322444987201954,0.0,3.0,2798.0
245,Task_S3_245,S3,13,56.552818573197705,1.9375877255151512,0.0,3.0,2381.0
246,Task_S3_246,S3,14,31.26990146038071,3.336657186791768,0.0,4.0,1938.0
247,Task_S4_247,S4,15,33.20355229816758,3.314316362688149,0.0,2.0,899.0
248,Task_S1_248,S1,16,45.4425122492628,1.558415045380273,1.0,3.0,2133.0
249,Task_S4_249,S4,17,36.5515533922584,3.0334477537990048,0.0,4.0,2020.0
250,Task_S3_250,S3,18,36.93155737955516,1.9992295490156486,1.0,4.0,1966.0
251,Task_S1_251,S1,19,31.57860298393053,3.4385404249231883,0.0,3.0,1673.0
252,Task_S4_252,S4,20,41.441808519241974,1.6806429706707013,1.0,3.0,1774.0
253,Task_S4_253,S4,21,50.37073397313995,1.1958629492120045,1.0,3.0,1269.0
254,Task_S3_254,S3,22,26.81220012460244,2.629654979837427,1.0,3.0,1750.0
255,Task_S1_255,S1,23,51.94554832395792,2.138305076723761,0.0,3.0,913.0
256,Task_S3_256,S3,24,50.0307733156141,1.2932117242147352,1.0,3.0,2493.0
257,Task_S1_257,S1,25,47.346028918284404,2.4108753620345293,0.0,3.0,883.0
258,Task_S5_258,S5,26,35.35218947376356,2.8962310230016497,0.0,3.0,620.0
259,Task_S2_259,S2,27,48.851866399605555,2.224706309809066,0.0,4.0,1534.0
260,Task_S2_260,S2,28,21.2060126071575,3.6398621983515627,1.0,4.0,2111.0
261,Task_S2_261,S2,29,50.425535715317444,2.192370593799908,0.0,3.0,1538.0
262,Task_S3_262,S3,1,17.20335807878171,4.899049583595733,1.0,3.0,1119.0
263,Task_S5_263,S5,2,54.852760445090226,2.304426903991172,0.0,3.0,1851.0
264,Task_S1_264,S1,3,56.1895402499043,1.969738163535228,0.0,4.0,1302.0
265,Task_S4_265,S4,4,35.889978458717295,2.9337643673935774,0.0,3.0,2825.0
266,Task_S1_266,S1,5,32.4071290662781,3.243788318990935,0.0,3.0,2798.0
267,Task_S4_267,S4,6,49.14536821395884,2.2336068898724504,0.0,4.0,1706.0
268,Task_S1_268,S1,7,26.38354555904746,3.8991819368504292,0.0,3.0,1252.0
269,Task_S5_269,S5,8,56.2052167083244,0.9531943609604117,1.0,3.0,2316.0
270,Task_S4_270,S4,9,16.59097195157897,6.101312619114834,0.0,3.0,495.0
271,Task_S3_271,S3,10,23.21020493374177,3.4449779430345595,1.0,3.0,1634.0
272,Task_S1_272,S1,11,55.53826632953894,2.1445655691320304,0.0,3.0,1274.0
273,Task_S1_273,S1,12,50.9205224371334,1.1697285465105343,1.0,3.0,2793.0
274,Task_S4_274,S4,13,46.03152833170297,1.3262866258859725,1.0,3.0,431.0
275,Task_S3_275,S3,14,32.15976847839924,2.253496899402419,1.0,3.0,1837.0
276,Task_S3_276,S3,15,48.6879765346903,2.403202746265231,0.0,3.0,2325.0
277,Task_S5_277,S5,16,42.074906930156445,2.726752646781611,0.0,3.0,1661.0
278,Task_S3_278,S3,17,37.23624419703328,1.9857617024914096,1.0,2.0,622.0
279,Task_S3_279,S3,18,51.9432964518716,2.251715508718372,0.0,4.0,2928.0
280,Task_S3_280,S3,19,41.74850253305317,1.708304323243929,1.0,4.0,1746.0
281,Task_S2_281,S2,20,37.14691594825375,2.9459196002744306,0.0,4.0,1996.0
282,Task_S5_282,S5,21,26.112834950419497,3.9375193601451572,0.0,3.0,1015.0
283,Task_S1_283,S1,22,49.02872834291655,2.032962120726488,0.0,3.0,1657.0
284,Task_S4_284,S4,23,26.62984059558558,3.8688474724608852,0.0,4.0,1515.0
285,Task_S1_285,S1,24,40.66781819220239,1.7335435049913555,1.0,3.0,594.0
286,Task_S5_286,S5,25,22.713397502090167,3.5594785690511266,1.0,3.0,676.0
287,Task_S4_287,S4,26,47.9003495532223,2.1903402362637374,0.0,3.0,2577.0
288,Task_S5_288,S5,27,45.00079006384687,2.39263906528725,0.0,3.0,1023.0
289,Task_S3_289,S3,28,23.2830130857438,4.25468245392079,0.0,3.0,906.0
290,Task_S4_290,S4,29,20.96158090070411,3.8012176285354355,1.0,3.0,1712.0
291,Task_S3_291,S3,1,27.2326624274797,3.9475544932423077,0.0,3.0,2398.0
292,Task_S1_292,S1,2,37.04518343236784,3.142458718982051,0.0,2.0,561.0
293,Task_S1_293,S1,3,53.47635920432673,1.056825316778101,1.0,4.0,1899.0
294,Task_S4_294,S4,4,15.34960860634445,5.339355427558194,1.0,2.0,709.0
295,Task_S4_295,S4,5,41.84004402239894,1.5846799052068303,1.0,3.0,494.0
296,Task_S5_296,S5,6,26.33841721611093,3.8972610016971863,0.0,3.0,537.0
297,Task_S5_297,S5,7,41.9852682034906,2.5737322912563636,0.0,3.0,2568.0
298,Task_S3_298,S3,8,50.6880242809874,1.1397861652544776,1.0,3.0,706.0
299,Task_S4_299,S4,9,25.8658279267936,3.138778980562847,1.0,2.0,517.0
300,Task_S1_300,S1,10,36.30617589043726,2.9950096545766836,0.0,3.0,1538.0
301,Task_S5_301,S5,11,23.5192117256735,4.454286519527046,0.0,4.0,2594.0
302,Task_S5_302,S5,12,18.675257694554432,4.326233418451495,1.0,2.0,1082.0
303,Task_S1_303,S1,13,27.825927673228307,2.6691524705398937,1.0,3.0,1496.0
304,Task_S5_304,S5,14,13.633082556171768,7.071624397952254,0.0,3.0,503.0
305,Task_S3_305,S3,15,43.09303372568339,1.6585753825673977,1.0,3.0,1567.0
306,Task_S4_306,S4,16,36.56490432034764,2.067274642312288,1.0,4.0,1901.0
307,Task_S1_307,S1,17,41.34759980789878,2.7318509948954466,0.0,4.0,1884.0
308,Task_S4_308,S4,18,23.30743443411995,3.476869950215355,1.0,3.0,1264.0
309,Task_S5_309,S5,19,27.93921252608536,2.824560139812616,1.0,3.0,1220.0
310,Task_S5_310,S5,20,39.939086040284764,1.7671291592812572,1.0,3.0,677.0
311,Task_S1_311,S1,21,55.38048711361749,1.0228925723772009,1.0,3.0,1353.0
312,Task_S3_312,S3,22,15.31010163943694,5.165280234750239,1.0,3.0,658.0
313,Task_S2_313,S2,23,57.5811201154673,1.9566067763939596,0.0,4.0,2393.0
314,Task_S1_314,S1,24,47.6368139231747,1.3896655619402836,1.0,4.0,2912.0
315,Task_S2_315,S2,25,47.1677506068922,1.418530999141784,1.0,4.0,2922.0
316,Task_S2_316,S2,26,43.2570657001905,2.4048912910083775,0.0,3.0,2649.0
317,Task_S3_317,S3,27,22.586061377582347,3.458555598743125,1.0,3.0,1962.0
318,Task_S2_318,S2,28,24.7063281336168,3.0266700779321143,1.0,3.0,2222.0
319,Task_S2_319,S2,29,39.74415566120878,2.7021510962713986,0.0,3.0,1141.0
320,Task_S3_320,S3,1,33.8383583196664,3.2759570114268595,0.0,4.0,2040.0
321,Task_S2_321,S2,2,54.61416680582561,2.312108098875158,0.0,3.0,1584.0
322,Task_S2_322,S2,3,34.52984691147902,2.0357017320483273,1.0,3.0,1653.0
323,Task_S2_323,S2,4,27.582353632982702,3.721663251952411,0.0,3.0,2370.0
324,Task_S1_324,S1,5,44.253691962845664,2.4601797196984525,0.0,3.0,1132.0
325,Task_S1_325,S1,6,27.86865180966916,3.7033697804064696,0.0,3.0,1226.0
326,Task_S1_326,S1,7,45.039155578908,1.419418043422088,1.0,4.0,2804.0
327,Task_S3_327,S3,8,40.64422725326944,2.6063952474791803,0.0,3.0,546.0
328,Task_S5_328,S5,9,54.32381032745623,1.2241184092490767,1.0,3.0,1662.0
329,Task_S2_329,S2,10,55.5540581973692,2.082708033532136,0.0,4.0,2773.0
330,Task_S2_330,S2,11,46.98916181654504,2.4596558261871264,0.0,3.0,1986.0
331,Task_S3_331,S3,12,46.28861926056342,1.3583815765956668,1.0,3.0,1820.0
332,Task_S2_332,S2,13,53.08366009126512,1.0490406498435791,1.0,2.0,1049.0
333,Task_S1_333,S1,14,28.29554525769923,2.6512825664485855,1.0,3.0,1292.0
334,Task_S5_334,S5,15,23.1211131733085,4.5363890811627146,0.0,4.0,2615.0
335,Task_S4_335,S4,16,30.148018088917958,2.6156925585130266,1.0,4.0,1853.0
336,Task_S2_336,S2,17,27.40730370390794,3.8906635289734237,0.0,3.0,1738.0
337,Task_S1_337,S1,18,39.76791968058028,2.8158113268771583,0.0,3.0,658.0
338,Task_S4_338,S4,19,37.556830024537796,1.9626153066426797,1.0,3.0,441.0
339,Task_S5_339,S5,20,48.266362761120604,2.354258183612083,0.0,3.0,2905.0
340,Task_S4_340,S4,21,17.55055790310704,5.639902738655644,0.0,3.0,1380.0
341,Task_S1_341,S1,22,48.99289198531946,2.0343949555802094,0.0,4.0,1968.0
342,Task_S4_342,S4,23,25.977512450854398,2.9563631451981838,1.0,3.0,607.0
343,Task_S3_343,S3,24,47.4827252746649,2.396200154355254,0.0,3.0,2176.0
344,Task_S4_344,S4,25,46.386504353263604,1.452758635528034,1.0,3.0,2824.0
345,Task_S2_345,S2,26,33.19288530608276,3.0699500947808582,0.0,3.0,1896.0
346,Task_S2_346,S2,27,19.02254987504464,4.213132239069756,1.0,3.0,727.0
347,Task_S3_347,S3,28,23.3391357635744,4.245186673628035,0.0,3.0,1912.0
348,Task_S1_348,S1,29,55.223247094849405,1.0264350704067855,1.0,3.0,2392.0
349,Task_S2_349,S2,1,54.01931665872454,2.223101167452667,0.0,3.0,1456.0
350,Task_S5_350,S5,2,49.4294125938111,2.496974858311037,0.0,4.0,2687.0
351,Task_S2_351,S2,3,24.570242988064997,4.131962510361831,0.0,4.0,2086.0
352,Task_S2_352,S2,4,39.771324613289195,1.675705282064067,1.0,4.0,2738.0
353,Task_S1_353,S1,5,49.2631370504217,2.239944884625315,0.0,4.0,2021.0
354,Task_S4_354,S4,6,44.899578996465415,1.4180739825462125,1.0,3.0,741.0
355,Task_S2_355,S2,7,20.75473713601096,4.844053869975984,0.0,3.0,1205.0
356,Task_S3_356,S3,8,14.62456308109724,5.605281007803316,1.0,3.0,924.0
357,Task_S4_357,S4,9,52.3002263055434,2.292743053310384,0.0,4.0,2762.0
358,Task_S5_358,S5,10,36.1490479141855,3.0063473580879485,0.0,4.0,2377.0
359,Task_S1_359,S1,11,30.9724320605605,2.503546482240989,1.0,3.0,2158.0
360,Task_S5_360,S5,12,16.42846094679208,5.981449155423214,0.0,3.0,1182.0
361,Task_S4_361,S4,13,36.00455830711278,2.9024231393232727,0.0,3.0,878.0
362,Task_S4_362,S4,14,55.8798935608952,1.9958847909024209,0.0,3.0,2366.0
363,Task_S4_363,S4,15,56.46931914733155,1.1307023271242045,1.0,4.0,1632.0
364,Task_S5_364,S5,16,37.565062202489784,2.998236000537405,0.0,3.0,987.0
365,Task_S4_365,S4,17,40.5945388257444,2.7746038411119187,0.0,3.0,2003.0
366,Task_S5_366,S5,18,15.92659549736948,6.270764827031009,0.0,2.0,504.0
367,Task_S4_367,S4,19,38.1951253653713,2.9203787703541217,0.0,3.0,1248.0
368,Task_S3_368,S3,20,33.29040408830055,3.2407434656553993,0.0,3.0,1618.0
369,Task_S4_369,S4,21,38.20886957876538,2.799672619793976,0.0,2.0,784.0
370,Task_S5_370,S5,22,40.3495621237428,1.4525158899069361,1.0,4.0,2960.0
371,Task_S2_371,S2,23,24.33023067767969,4.19742408567192,0.0,4.0,943.0
372,Task_S4_372,S4,24,17.49320169969755,4.741002321732159,1.0,2.0,738.0
373,Task_S2_373,S2,25,27.24269114408545,2.883192222475033,1.0,3.0,929.0
374,Task_S3_374,S3,26,25.863588102586498,2.867875997047432,1.0,3.0,2399.0
375,Task_S1_375,S1,27,24.607451603493363,4.123876665186595,0.0,3.0,1506.0
376,Task_S3_376,S3,28,58.84385355996479,1.8075927402893948,0.0,3.0,1870.0
377,Task_S4_377,S4,29,30.03726131708739,2.469745124597447,1.0,2.0,454.0
378,Task_S2_378,S2,1,33.72247767165379,3.2855365044659184,0.0,2.0,489.0
379,Task_S2_379,S2,2,52.74047329723981,1.374800027438992,1.0,3.0,1559.0
380,Task_S5_380,S5,3,62.4392741812486,1.7974772611778194,0.0,3.0,2523.0
381,Task_S2_381,S2,4,46.8166833969856,2.3143213465006944,0.0,4.0,2701.0
382,Task_S5_382,S5,5,45.62613822051022,2.3951350243058056,0.0,3.0,625.0
383,Task_S1_383,S1,6,32.0763613007803,2.2627119234951425,1.0,4.0,1799.0
384,Task_S4_384,S4,7,36.101744219522104,2.9426449521863045,0.0,4.0,2774.0
385,Task_S5_385,S5,8,33.15179464695492,2.1332058501110547,1.0,3.0,1408.0
386,Task_S1_386,S1,9,49.6846463155148,2.3895624858623674,0.0,3.0,2556.0
387,Task_S2_387,S2,10,41.02571107739667,2.693984058940088,0.0,3.0,747.0
388,Task_S2_388,S2,11,36.7697057516594,2.0234765241997774,1.0,4.0,2832.0
389,Task_S1_389,S1,12,27.096900093372,2.802819356745142,1.0,3.0,2353.0
390,Task_S2_390,S2,13,49.53319736485,2.17895050693102,0.0,4.0,2847.0
391,Task_S1_391,S1,14,25.929058523733197,3.951254980718963,0.0,3.0,2159.0
392,Task_S5_392,S5,15,39.86395144516575,1.8377880777958886,1.0,3.0,1344.0
393,Task_S5_393,S5,16,51.9332403650738,2.294387503248752,0.0,4.0,2839.0
394,Task_S1_394,S1,17,43.60682794779742,2.6122513342333704,0.0,3.0,1116.0
395,Task_S5_395,S5,18,46.457127213186425,2.470067309073138,0.0,3.0,1263.0
396,Task_S5_396,S5,19,56.0248862966492,2.1226614271926065,0.0,4.0,2222.0
397,Task_S5_397,S5,20,41.9474715724215,2.65290148344022,0.0,4.0,2389.0
398,Task_S3_398,S3,21,53.2922128712219,1.091114056775567,1.0,3.0,2816.0
399,Task_S4_399,S4,22,39.429340732364224,2.5075617611845864,0.0,2.0,932.0
400,Task_S2_400,S2,23,29.8395720497572,3.4921593070668693,0.0,4.0,2474.0
401,Task_S3_401,S3,24,22.6286844889368,3.565754030458531,1.0,4.0,2320.0
402,Task_S5_402,S5,25,24.210984658374173,4.308978115044753,0.0,4.0,565.0
403,Task_S1_403,S1,26,34.75524908923749,2.9421572300901744,0.0,3.0,1406.0
404,Task_S5_404,S5,27,40.36018871892758,2.636547297811699,0.0,3.0,1135.0
405,Task_S4_405,S4,28,49.9567487367306,1.0990259509322842,1.0,3.0,1191.0
406,Task_S5_406,S5,29,32.6281381024577,2.221511536620577,1.0,3.0,2955.0
407,Task_S1_407,S1,1,25.3780979711782,3.1965815981732373,1.0,3.0,2071.0
408,Task_S4_408,S4,2,59.8689879502886,1.1568778253670118,1.0,3.0,2265.0
409,Task_S5_409,S5,3,29.017811660151402,3.5525221009720203,0.0,4.0,2939.0
410,Task_S4_410,S4,4,36.0432659762369,1.9225470471342923,1.0,4.0,1380.0
411,Task_S2_411,S2,5,45.846471341618596,1.385047758707926,1.0,4.0,2484.0
412,Task_S2_412,S2,6,39.30387935925594,2.7205554994958474,0.0,3.0,1529.0
413,Task_S5_413,S5,7,26.745224014912402,2.8515777966787317,1.0,3.0,2660.0
414,Task_S4_414,S4,8,16.62962459719174,5.877372567548314,0.0,3.0,869.0
415,Task_S1_415,S1,9,28.539257400277002,3.8019038664406772,0.0,3.0,2863.0
416,Task_S5_416,S5,10,38.26753956424594,1.861121022628573,1.0,3.0,968.0
417,Task_S2_417,S2,11,38.01466209612491,1.9389909283292508,1.0,2.0,1248.0
418,Task_S2_418,S2,12,31.180130724857896,3.3512154404175702,0.0,4.0,2366.0
419,Task_S5_419,S5,13,42.62978251417399,1.492065703764018,1.0,3.0,1423.0
420,Task_S4_420,S4,14,52.709447980189815,2.0996641153484754,0.0,3.0,1981.0
421,Task_S2_421,S2,15,19.44261390776637,5.282385771983015,0.0,3.0,1555.0
422,Task_S4_422,S4,16,41.5760069240889,2.7539561123118874,0.0,3.0,2330.0
423,Task_S2_423,S2,17,42.54072276489954,2.6671425790386603,0.0,3.0,993.0
424,Task_S2_424,S2,18,22.8524309168669,4.555347057115766,0.0,3.0,551.0
425,Task_S3_425,S3,19,28.20991837887586,3.7925357699569564,0.0,3.0,1179.0
426,Task_S2_426,S2,20,42.711528762864994,1.6122016838664615,1.0,3.0,1633.0
427,Task_S1_427,S1,21,50.10167241625432,1.2061124040546956,1.0,2.0,836.0
428,Task_S5_428,S5,22,49.00934157764905,1.0337370012611982,1.0,3.0,1322.0
429,Task_S5_429,S5,23,40.524988001799684,2.657760692836747,0.0,3.0,1439.0
430,Task_S4_430,S4,24,41.95496267823756,2.6616295466804205,0.0,3.0,549.0
431,Task_S2_431,S2,25,34.17589303470656,3.185309192297572,0.0,3.0,1916.0
432,Task_S1_432,S1,26,49.135085687577,1.1399762110416538,1.0,3.0,2699.0
433,Task_S4_433,S4,27,32.61992151349198,3.193190290735296,0.0,3.0,794.0
434,Task_S3_434,S3,28,27.36894963252208,3.661558057558615,0.0,3.0,1954.0
435,Task_S4_435,S4,29,48.7111406189313,1.2594328812993778,1.0,4.0,2128.0
436,Task_S4_436,S4,1,39.70993633940365,1.861960452712129,1.0,3.0,1490.0
437,Task_S2_437,S2,2,35.4591319138792,2.256802166880755,1.0,3.0,2222.0
438,Task_S3_438,S3,3,53.79307766852836,2.046214724834738,0.0,3.0,1467.0
439,Task_S4_439,S4,4,19.39764945677595,4.125526727037855,1.0,3.0,1712.0
440,Task_S1_440,S1,5,24.726515629187347,4.1374554460011685,0.0,2.0,419.0
441,Task_S1_441,S1,6,23.2676173948569,4.360122439825351,0.0,3.0,2198.0
442,Task_S5_442,S5,7,51.2585474751465,2.160916440987383,0.0,4.0,2119.0
443,Task_S3_443,S3,8,40.583509569794174,2.609901468150833,0.0,3.0,499.0
444,Task_S3_444,S3,9,30.04134014558943,3.6380888078953353,0.0,3.0,1357.0
445,Task_S5_445,S5,10,51.75393001857459,1.2100817006320113,1.0,4.0,2945.0
446,Task_S4_446,S4,11,33.30706436123002,3.29070353723701,0.0,3.0,1493.0
447,Task_S3_447,S3,12,48.77544192361134,1.2527307112834278,1.0,3.0,1705.0
448,Task_S1_448,S1,13,41.9964385655445,2.525827387182485,0.0,4.0,2765.0
449,Task_S1_449,S1,14,37.8155934995214,1.8140784935270982,1.0,4.0,2264.0
450,Task_S2_450,S2,15,56.95610832414691,1.1160870973953938,1.0,3.0,1913.0
451,Task_S3_451,S3,16,32.4066248530619,3.3986336543526696,0.0,3.0,2474.0
452,Task_S4_452,S4,17,28.0546550637903,3.812231341721579,0.0,3.0,2647.0
453,Task_S5_453,S5,18,41.32126946296277,1.7257803372503888,1.0,4.0,1587.0
454,Task_S5_454,S5,19,56.94928123548107,2.094688038665125,0.0,3.0,1635.0
455,Task_S4_455,S4,20,32.132230712561366,3.342684796082549,0.0,3.0,1403.0
456,Task_S2_456,S2,21,27.0486503653913,3.814463218038912,0.0,3.0,2913.0
457,Task_S5_457,S5,22,34.6353719981573,1.8403111305179567,1.0,3.0,2212.0
458,Task_S3_458,S3,23,33.319166033487235,3.1633958772290622,0.0,2.0,616.0
459,Task_S2_459,S2,24,29.6953953683578,2.591427454811433,1.0,4.0,2643.0
460,Task_S3_460,S3,25,44.57136795313119,2.536813437288275,0.0,3.0,1649.0
461,Task_S1_461,S1,26,52.80377634390034,1.0039706791063487,1.0,3.0,578.0
462,Task_S2_462,S2,27,37.21590335638084,1.8354750211317072,1.0,3.0,1829.0
463,Task_S5_463,S5,28,31.61227789589263,3.2029071687804747,0.0,3.0,1484.0
464,Task_S2_464,S2,29,39.438908936592796,2.7206772925349414,0.0,4.0,2682.0
465,Task_S2_465,S2,1,19.25777698273004,4.341933489378171,1.0,3.0,930.0
466,Task_S2_466,S2,2,58.0749839804474,1.206768997382674,1.0,4.0,2548.0
467,Task_S2_467,S2,3,35.842979206264985,2.935387996058928,0.0,3.0,1849.0
468,Task_S3_468,S3,4,28.200910398768798,2.6475518239111837,1.0,2.0,541.0
469,Task_S1_469,S1,5,51.0215998344503,2.172693708053129,0.0,4.0,2926.0
470,Task_S4_470,S4,6,36.345335010586496,1.9171153774783654,1.0,3.0,1732.0
471,Task_S2_471,S2,7,41.71073785732437,1.5886854740602852,1.0,3.0,1156.0
472,Task_S5_472,S5,8,20.560140551091862,3.8432907280851456,1.0,3.0,1620.0
473,Task_S2_473,S2,9,55.701084934616496,2.180213095209188,0.0,4.0,2630.0
474,Task_S5_474,S5,10,53.583898732181936,1.146530421922991,1.0,3.0,1192.0
475,Task_S3_475,S3,11,40.4554086007025,1.788082454823778,1.0,3.0,900.0
476,Task_S5_476,S5,12,51.86056336445386,1.135477336305979,1.0,3.0,735.0
477,Task_S4_477,S4,13,21.92946475387125,4.561254160565055,0.0,3.0,1174.0
478,Task_S1_478,S1,14,41.2372727107348,1.6053714084848165,1.0,3.0,2428.0
479,Task_S5_479,S5,15,42.2034121053563,2.7052754277411344,0.0,4.0,1626.0
480,Task_S5_480,S5,16,38.22672674486352,2.9544977149731704,0.0,3.0,991.0
481,Task_S1_481,S1,17,30.218876158488438,2.573632331920963,1.0,3.0,832.0
482,Task_S4_482,S4,18,29.84885956928543,2.6045131740396172,1.0,3.0,1265.0
483,Task_S2_483,S2,19,29.291977749531,3.6702451581292417,0.0,3.0,2843.0
484,Task_S5_484,S5,20,32.12904528616142,3.3429750031453116,0.0,3.0,1291.0
485,Task_S1_485,S1,21,31.352045591629697,3.3402239420273876,0.0,4.0,2969.0
486,Task_S3_486,S3,22,47.68262298463833,1.0882316313815195,1.0,3.0,1661.0
487,Task_S1_487,S1,23,22.68236835755556,3.472122812514523,1.0,3.0,865.0
488,Task_S3_488,S3,24,25.927433404697,4.047294625902983,0.0,3.0,2716.0
489,Task_S4_489,S4,25,40.07926536344215,1.7767712708755514,1.0,3.0,1596.0
490,Task_S2_490,S2,26,45.034916774334896,2.3176292433301025,0.0,3.0,2245.0
491,Task_S1_491,S1,27,59.664773032939195,1.8671664599606401,0.0,3.0,2957.0
492,Task_S5_492,S5,28,35.731544050866965,1.8590330151794352,1.0,3.0,530.0
493,Task_S4_493,S4,29,27.07626342617617,2.8095388826881207,1.0,3.0,651.0
494,Task_S1_494,S1,1,53.4864129000686,2.2408776313061742,0.0,3.0,2273.0
495,Task_S5_495,S5,2,37.274880770337944,3.126684697309404,0.0,3.0,1132.0
496,Task_S1_496,S1,3,17.567129545598988,4.60702880299798,1.0,3.0,879.0
497,Task_S3_497,S3,4,35.14572685018638,1.9895798157840523,1.0,3.0,502.0
498,Task_S1_498,S1,5,48.60474907268712,2.266351275308043,0.0,3.0,456.0
499,Task_S1_499,S1,6,37.920817860486096,1.808723843493842,1.0,4.0,2413.0
500,Task_S1_500,S1,7,25.60066663179615,4.006658161868583,0.0,2.0,749.0
501,Task_S4_501,S4,8,23.81914628834576,3.2342494916678755,1.0,3.0,1616.0
502,Task_S1_502,S1,9,25.934479474747583,4.1292917049276365,0.0,3.0,1975.0
503,Task_S5_503,S5,10,34.8794327810678,2.10160039563458,1.0,3.0,1513.0
504,Task_S3_504,S3,11,36.17957944683223,3.0655004769305667,0.0,3.0,470.0
505,Task_S3_505,S3,12,25.410135740426902,3.030132932531089,1.0,3.0,2437.0
506,Task_S1_506,S1,13,49.7194154800481,2.171684916563886,0.0,3.0,427.0
507,Task_S4_507,S4,14,52.1099133247151,1.120681951915694,1.0,3.0,2380.0
508,Task_S4_508,S4,15,47.0779151505921,2.4706005114458356,0.0,3.0,2722.0
509,Task_S5_509,S5,16,50.764465811302834,1.337042560623971,1.0,3.0,1525.0
510,Task_S1_510,S1,17,22.16952242275588,4.686456800422308,0.0,3.0,1792.0
511,Task_S3_511,S3,18,37.2743392133545,2.975618818623116,0.0,3.0,1640.0
512,Task_S4_512,S4,19,42.26343711657121,1.6804617010206715,1.0,3.0,1411.0
513,Task_S1_513,S1,20,56.6826352045463,2.0580996899092217,0.0,3.0,2707.0
514,Task_S4_514,S4,21,54.9599180406806,1.036222611978991,1.0,4.0,2724.0
515,Task_S4_515,S4,22,27.44838272887595,3.5492489049964906,0.0,3.0,1273.0
516,Task_S3_516,S3,23,57.63111358455927,1.9551512252846965,0.0,4.0,1999.0
517,Task_S2_517,S2,24,29.023631965131003,2.664319457237584,1.0,4.0,2809.0
518,Task_S5_518,S5,25,59.512105231083694,0.9950150583330946,1.0,3.0,2901.0
519,Task_S5_519,S5,26,57.45407750967132,0.8561097230292418,1.0,3.0,1723.0
520,Task_S3_520,S3,27,24.972863397601248,3.0689356893825597,1.0,3.0,1577.0
521,Task_S4_521,S4,28,44.50566867522224,1.3341057711657092,1.0,3.0,1124.0
522,Task_S1_522,S1,29,26.0767551025952,3.941016095721362,0.0,3.0,2893.0
523,Task_S4_523,S4,1,30.073498963713483,3.6237340591460843,0.0,3.0,771.0
524,Task_S3_524,S3,2,40.18911645652742,2.941830911451995,0.0,3.0,1907.0
525,Task_S5_525,S5,3,38.89896251412771,1.72749750082285,1.0,3.0,1134.0
526,Task_S4_526,S4,4,53.064597704463765,2.0726402743841534,0.0,2.0,1125.0
527,Task_S5_527,S5,5,44.15461912765825,2.4650281191308205,0.0,4.0,1452.0
528,Task_S1_528,S1,6,44.235426214373,2.4500615052743253,0.0,3.0,2996.0
529,Task_S5_529,S5,7,45.10156343955329,1.4164777119543093,1.0,3.0,542.0
530,Task_S5_530,S5,8,57.54235647482231,0.9132669665484783,1.0,4.0,1904.0
531,Task_S2_531,S2,9,13.9560840017502,6.1028206114556385,1.0,3.0,614.0
532,Task_S2_532,S2,10,53.30962168011835,2.1557826886225295,0.0,3.0,801.0
533,Task_S2_533,S2,11,21.15960380559488,3.8885680403953815,1.0,3.0,1542.0
534,Task_S5_534,S5,12,51.211452878254235,2.158996455838067,0.0,3.0,1727.0
535,Task_S3_535,S3,13,26.57769141079531,2.8261726953661395,1.0,3.0,1072.0
536,Task_S5_536,S5,14,21.401129011522308,4.701855015233945,0.0,3.0,1222.0
537,Task_S3_537,S3,15,30.72479685188053,3.5427518743431112,0.0,2.0,626.0
538,Task_S3_538,S3,16,41.70012036787976,2.747129192541053,0.0,3.0,1188.0
539,Task_S2_539,S2,17,39.8033335128861,1.8212222274054102,1.0,4.0,2913.0
540,Task_S4_540,S4,18,26.4638122930503,3.004057348492137,1.0,4.0,2856.0
541,Task_S1_541,S1,19,40.33186335812951,1.788481979392972,1.0,3.0,1270.0
542,Task_S2_542,S2,20,55.5172322160509,1.0938475582260816,1.0,4.0,1884.0
543,Task_S2_543,S2,21,39.1533547223324,2.739681222962861,0.0,3.0,2764.0
544,Task_S4_544,S4,22,20.73370079956476,4.6352597924075924,0.0,3.0,416.0
545,Task_S1_545,S1,23,40.2419802517013,2.674285990962445,0.0,4.0,2507.0
546,Task_S5_546,S5,24,26.2633126282071,4.001542681439236,0.0,4.0,2865.0
547,Task_S5_547,S5,25,46.00673792554724,2.4698077482804224,0.0,3.0,637.0
548,Task_S2_548,S2,26,47.15245235643547,2.2221025061481874,0.0,3.0,819.0
549,Task_S1_549,S1,27,48.0097204732127,2.2591749145771765,0.0,4.0,2897.0
550,Task_S2_550,S2,28,33.1121374248601,2.068085245060723,1.0,3.0,1797.0
551,Task_S3_551,S3,29,44.17589082596371,2.461381440414529,0.0,3.0,436.0
552,Task_S2_552,S2,1,37.53669697546058,2.0004868857379976,1.0,3.0,1069.0
553,Task_S2_553,S2,2,50.886560107495875,2.4412864595412023,0.0,3.0,1569.0
554,Task_S5_554,S5,3,46.2661675466428,2.336844860827825,0.0,3.0,2201.0
555,Task_S5_555,S5,4,52.907303844290304,1.0780372590437648,1.0,3.0,2306.0
556,Task_S5_556,S5,5,48.8829993967413,1.255106264878186,1.0,4.0,2988.0
557,Task_S3_557,S3,6,32.30328832061557,3.2421112525457323,0.0,3.0,1147.0
558,Task_S5_558,S5,7,57.31469572133568,1.96218748576782,0.0,3.0,1799.0
559,Task_S1_559,S1,8,40.57775911732867,1.6102340662775605,1.0,3.0,1786.0
560,Task_S4_560,S4,9,41.47696911443559,1.7707953455418575,1.0,3.0,1454.0
561,Task_S1_561,S1,10,23.01861019654146,4.477926563515797,0.0,3.0,839.0
562,Task_S1_562,S1,11,49.7329668984811,2.346956886340738,0.0,3.0,2941.0
563,Task_S5_563,S5,12,45.9574294059834,1.3732963299761511,1.0,4.0,2618.0
564,Task_S4_564,S4,13,25.87186528570608,3.921417656261673,0.0,3.0,1695.0
565,Task_S4_565,S4,14,22.225674389018188,4.543374337081939,0.0,4.0,1968.0
566,Task_S4_566,S4,15,39.12876648486641,2.8826213507102887,0.0,3.0,990.0
567,Task_S3_567,S3,16,49.61692268910551,2.3808392758586328,0.0,3.0,1813.0
568,Task_S5_568,S5,17,41.9706665674595,2.6976109999782865,0.0,3.0,2206.0
569,Task_S4_569,S4,18,27.76807638181145,3.8389775647002473,0.0,4.0,1739.0
570,Task_S3_570,S3,19,51.5345862853256,1.2725489955601725,1.0,3.0,2974.0
571,Task_S2_571,S2,20,23.15167059560454,4.464976030378764,0.0,3.0,1989.0
572,Task_S2_572,S2,21,34.4960064557764,3.066447616273238,0.0,3.0,1364.0
573,Task_S3_573,S3,22,28.572646694942698,2.4156138137947565,1.0,3.0,2407.0
574,Task_S3_574,S3,23,21.59437469295665,4.675452553770629,0.0,3.0,843.0
575,Task_S5_575,S5,24,25.090463544509568,4.166427896120399,0.0,3.0,1399.0
576,Task_S5_576,S5,25,31.97874863666772,3.374708896119696,0.0,3.0,1302.0
577,Task_S2_577,S2,26,19.659500461217,3.985753170438471,1.0,3.0,1522.0
578,Task_S4_578,S4,27,38.0748753742373,1.7779525831141085,1.0,4.0,2432.0
579,Task_S2_579,S2,28,38.7625473027123,1.651506774581879,1.0,3.0,1658.0
580,Task_S4_580,S4,29,41.653959252110496,1.592259613473145,1.0,4.0,2464.0
581,Task_S4_581,S4,1,34.805719756939865,3.1984075687752083,0.0,3.0,1898.0
582,Task_S5_582,S5,2,50.01276697337832,2.4742986899613917,0.0,3.0,1289.0
583,Task_S1_583,S1,3,28.3427913647053,2.6291587270363577,1.0,3.0,2505.0
584,Task_S1_584,S1,4,35.32563546844519,1.9758778844961733,1.0,3.0,1019.0
585,Task_S3_585,S3,5,17.39863541565954,5.685600957731505,0.0,3.0,983.0
586,Task_S5_586,S5,6,21.404765167829268,3.702740987521123,1.0,3.0,1711.0
587,Task_S4_587,S4,7,38.34567418459106,2.788929339749152,0.0,3.0,1078.0
588,Task_S1_588,S1,8,34.75886844987861,3.00161111213006,0.0,2.0,423.0
589,Task_S4_589,S4,9,55.549208368662704,2.184949762389865,0.0,3.0,2085.0
590,Task_S1_590,S1,10,40.959166705544064,1.6977577766046155,1.0,3.0,1728.0
591,Task_S1_591,S1,11,56.183372404605095,1.1246120785657556,1.0,3.0,1558.0
592,Task_S1_592,S1,12,26.5183846260353,3.8776421007337127,0.0,3.0,2914.0
593,Task_S5_593,S5,13,23.34589678274748,3.3075216917689616,1.0,3.0,1885.0
594,Task_S2_594,S2,14,24.9872449740773,4.085835910279635,0.0,4.0,2644.0
595,Task_S4_595,S4,15,21.22392708400868,4.89029822360757,0.0,3.0,762.0
596,Task_S5_596,S5,16,41.05048845834966,1.7833090794368185,1.0,3.0,1879.0
597,Task_S5_597,S5,17,49.1066224045988,2.366186252303867,0.0,4.0,2656.0
598,Task_S5_598,S5,18,21.403781162585467,4.826434517193276,0.0,3.0,1916.0
599,Task_S5_599,S5,19,59.173019909475,1.0309154733180548,1.0,4.0,2266.0
600,Task_S5_600,S5,20,50.5231814475739,1.2653496398799966,1.0,4.0,1367.0
601,Task_S3_601,S3,21,25.066343007765568,3.085594057177734,1.0,3.0,640.0
602,Task_S4_602,S4,22,21.04020504571063,4.571273465449037,0.0,3.0,1590.0
603,Task_S5_603,S5,23,23.92371500966745,4.261815114971524,0.0,3.0,1425.0
604,Task_S4_604,S4,24,28.3495589211252,2.7408160608993763,1.0,4.0,2654.0
605,Task_S3_605,S3,25,20.10329010254004,4.081050759579243,1.0,2.0,1034.0
606,Task_S3_606,S3,26,45.3100125045858,2.304725325491068,0.0,3.0,2913.0
607,Task_S4_607,S4,27,34.2896932571945,3.052451916828448,0.0,4.0,2891.0
608,Task_S1_608,S1,28,29.5448000210945,3.4104570313421316,0.0,3.0,1043.0
609,Task_S2_609,S2,29,56.10488875657807,0.9989749213346357,1.0,3.0,1304.0
610,Task_S1_610,S1,1,51.0147945883743,1.3280876338630274,1.0,4.0,2728.0
611,Task_S1_611,S1,2,62.525315553529495,2.088180674860052,0.0,4.0,2913.0
612,Task_S1_612,S1,3,23.46697053819317,4.3083093655921045,0.0,4.0,1552.0
613,Task_S5_613,S5,4,31.45854058663447,2.3038543025402345,1.0,3.0,1234.0
614,Task_S3_614,S3,5,41.02849430356425,1.6297534165198573,1.0,3.0,1767.0
615,Task_S1_615,S1,6,24.011322158304097,4.237594036628835,0.0,3.0,2188.0
616,Task_S3_616,S3,7,15.72266644499304,6.227261468885044,0.0,2.0,1111.0
617,Task_S4_617,S4,8,48.391524621924596,1.2297408987067469,1.0,3.0,2314.0
618,Task_S2_618,S2,9,38.34432631454773,2.9582409423767455,0.0,2.0,534.0
619,Task_S4_619,S4,10,29.07238080592191,3.63979870883658,0.0,3.0,528.0
620,Task_S4_620,S4,11,36.60750320817339,3.0348958261671024,0.0,4.0,1404.0
621,Task_S5_621,S5,12,33.21287152047297,2.1665844188118086,1.0,3.0,1319.0
622,Task_S2_622,S2,13,17.06343359356858,4.736099400991431,1.0,3.0,1220.0
623,Task_S4_623,S4,14,31.798121163394327,2.286749436721211,1.0,3.0,1676.0
624,Task_S4_624,S4,15,23.25282678594203,4.513874133054666,0.0,3.0,1233.0
625,Task_S2_625,S2,16,18.43632050414,4.550222159778938,1.0,3.0,899.0
626,Task_S2_626,S2,17,54.29192149372581,2.179024544144315,0.0,3.0,1204.0
627,Task_S4_627,S4,18,48.648144548219705,2.3770762174248627,0.0,4.0,2934.0
628,Task_S2_628,S2,19,46.490725790397136,2.474715379356942,0.0,2.0,1468.0
629,Task_S4_629,S4,20,30.39581582980307,3.509613510926327,0.0,4.0,1556.0
630,Task_S4_630,S4,21,35.22097004912542,2.0100609231393167,1.0,4.0,1899.0
631,Task_S5_631,S5,22,34.2603897452538,1.8701541188306736,1.0,3.0,2956.0
632,Task_S1_632,S1,23,19.01944343228192,4.244716021293397,1.0,3.0,1028.0
633,Task_S4_633,S4,24,28.017932934584998,3.779754676198881,0.0,4.0,2171.0
634,Task_S3_634,S3,25,53.208362827901794,2.187186967274765,0.0,4.0,2261.0
635,Task_S1_635,S1,26,46.997049625660864,1.2288264750117106,1.0,3.0,1979.0
636,Task_S1_636,S1,27,35.02867345469547,1.9943304394191537,1.0,3.0,630.0
637,Task_S1_637,S1,28,39.8029345004292,1.5873814756765081,1.0,4.0,2159.0
638,Task_S5_638,S5,29,49.73060258971528,1.2190081370744332,1.0,3.0,566.0
639,Task_S4_639,S4,1,22.659252355295358,3.6322339413404823,1.0,3.0,1949.0
640,Task_S5_640,S5,2,32.8385878333993,3.469211167150253,0.0,3.0,2322.0
641,Task_S4_641,S4,3,28.74012272088796,2.5836275730490414,1.0,3.0,948.0
642,Task_S5_642,S5,4,54.238118586567595,1.0333451228211334,1.0,4.0,2588.0
643,Task_S5_643,S5,5,52.09518427840796,1.1338252445039827,1.0,3.0,478.0
644,Task_S3_644,S3,6,32.5963878178441,2.2159152291070376,1.0,4.0,2593.0
645,Task_S5_645,S5,7,52.95657102383915,2.1006962633380946,0.0,3.0,1596.0
646,Task_S2_646,S2,8,48.05355363638308,1.2436903302859372,1.0,3.0,965.0
647,Task_S3_647,S3,9,22.725411790592283,3.6314683733849007,1.0,3.0,747.0
648,Task_S5_648,S5,10,40.3662963865397,2.731915287436051,0.0,4.0,2878.0
649,Task_S1_649,S1,11,29.33156741025584,2.6727472122044977,1.0,3.0,588.0
650,Task_S2_650,S2,12,53.71704120022933,2.0712920657480995,0.0,3.0,917.0
651,Task_S2_651,S2,13,23.7573665717855,3.239255177141284,1.0,3.0,1304.0
652,Task_S2_652,S2,14,52.0293718806859,1.123541697092032,1.0,4.0,2012.0
653,Task_S3_653,S3,15,32.45012267551368,3.380169089584693,0.0,3.0,1816.0
654,Task_S5_654,S5,16,42.86817923240648,1.684772076507942,1.0,3.0,726.0
655,Task_S5_655,S5,17,32.56690396042329,3.349566990914232,0.0,3.0,1153.0
656,Task_S1_656,S1,18,38.23816354877991,1.9114415081370515,1.0,3.0,1020.0
657,Task_S1_657,S1,19,48.08052804141964,1.4065089877519004,1.0,3.0,955.0
658,Task_S2_658,S2,20,49.51149897359523,2.304222929838018,0.0,3.0,1468.0
659,Task_S1_659,S1,21,55.8093362252795,1.009503330840099,1.0,4.0,2230.0
660,Task_S3_660,S3,22,17.21158113261047,5.525122015917799,0.0,3.0,965.0
661,Task_S5_661,S5,23,44.44884755772856,2.4498479711453602,0.0,3.0,1353.0
662,Task_S2_662,S2,24,22.68142161780561,4.556329294999706,0.0,3.0,1416.0
663,Task_S1_663,S1,25,41.326677603396696,1.705029324901015,1.0,4.0,2938.0
664,Task_S3_664,S3,26,46.3541992416154,1.2571102171039703,1.0,4.0,2882.0
665,Task_S3_665,S3,27,38.5113679656502,2.7496805390427084,0.0,3.0,2480.0
666,Task_S1_666,S1,28,35.926033002769714,1.8446938754222413,1.0,3.0,1028.0
667,Task_S5_667,S5,29,52.74553743513651,1.1084309596053785,1.0,3.0,576.0
668,Task_S1_668,S1,1,21.52844633888232,3.844390201916129,1.0,3.0,1223.0
669,Task_S2_669,S2,2,42.486570956096806,1.8135655824695456,1.0,3.0,1093.0
670,Task_S1_670,S1,3,34.41707405732772,2.0446636003245784,1.0,3.0,1715.0
671,Task_S3_671,S3,4,27.4308547871745,3.740306493172341,0.0,4.0,2422.0
672,Task_S1_672,S1,5,29.507668740397598,3.5282796214267096,0.0,3.0,2631.0
673,Task_S5_673,S5,6,60.9541573601613,0.8535014466302895,1.0,4.0,2596.0
674,Task_S4_674,S4,7,51.85984216437038,1.1391491605908284,1.0,3.0,1335.0
675,Task_S1_675,S1,8,57.21572488158979,1.9228509858547849,0.0,3.0,2186.0
676,Task_S5_676,S5,9,55.72815560091036,1.1793714890352547,1.0,4.0,1213.0
677,Task_S5_677,S5,10,21.124387662398078,4.834387435614743,0.0,3.0,558.0
678,Task_S3_678,S3,11,35.3379219474008,2.1277980082011596,1.0,4.0,2224.0
679,Task_S5_679,S5,12,38.89651938040194,2.750192178913518,0.0,3.0,425.0
680,Task_S5_680,S5,13,36.67147523138625,1.8545817386557846,1.0,4.0,1463.0
681,Task_S5_681,S5,14,33.01751183606028,3.177456685588697,0.0,4.0,1256.0
682,Task_S5_682,S5,15,35.3263579741688,2.1434655029013463,1.0,4.0,2202.0
683,Task_S2_683,S2,16,45.712416423623,2.545973865673678,0.0,3.0,2392.0
684,Task_S2_684,S2,17,38.976967413229985,2.8718824392277624,0.0,3.0,1190.0
685,Task_S3_685,S3,18,29.009464550352703,2.6951843039312484,1.0,3.0,2510.0
686,Task_S1_686,S1,19,34.69051138730174,2.1709062447203826,1.0,3.0,1164.0
687,Task_S5_687,S5,20,39.9411137282193,2.7670081821389703,0.0,3.0,1560.0
688,Task_S1_688,S1,21,44.2627184004393,2.4585530646705958,0.0,3.0,2290.0
689,Task_S1_689,S1,22,29.4122506964164,3.3222592093559133,0.0,3.0,2201.0
690,Task_S3_690,S3,23,54.5266458301501,2.0505093211445335,0.0,4.0,2967.0
691,Task_S5_691,S5,24,15.93505710764992,5.2385205357488,1.0,3.0,985.0
692,Task_S5_692,S5,25,34.8034070977411,3.1354834273965153,0.0,3.0,2122.0
693,Task_S4_693,S4,26,51.134370749010415,2.063485477929555,0.0,3.0,1985.0
694,Task_S1_694,S1,27,46.4519967505865,2.3261562367983273,0.0,3.0,2779.0
695,Task_S1_695,S1,28,24.479205141817783,3.0613465716703674,1.0,2.0,806.0
696,Task_S2_696,S2,29,49.571500900352,2.22520966818782,0.0,3.0,2354.0
697,Task_S4_697,S4,1,42.08312977773689,1.7266518309158578,1.0,3.0,1877.0
698,Task_S2_698,S2,2,47.42040068549827,2.579250300020965,0.0,3.0,1114.0
699,Task_S2_699,S2,3,47.56866133150616,1.2801074992633983,1.0,3.0,1633.0
700,Task_S2_700,S2,4,40.74341264335676,1.6185886194782362,1.0,3.0,1267.0
701,Task_S3_701,S3,5,39.058181248682594,1.7467842171765247,1.0,4.0,1906.0
702,Task_S3_702,S3,6,28.8842929672916,3.5856442098130703,0.0,4.0,2711.0
703,Task_S2_703,S2,7,29.854285512774034,2.4883947371343162,1.0,3.0,1880.0
704,Task_S4_704,S4,8,36.976370354929,2.838318408399514,0.0,4.0,2042.0
705,Task_S1_705,S1,9,42.715693492746816,2.70408644365444,0.0,3.0,1748.0
706,Task_S4_706,S4,10,33.21346579240339,3.237314114983006,0.0,3.0,533.0
707,Task_S5_707,S5,11,26.55454227777043,3.0050176897368255,1.0,3.0,1005.0
708,Task_S3_708,S3,12,18.65459679420548,4.331576166261429,1.0,3.0,1679.0
709,Task_S1_709,S1,13,35.88262756471376,2.911356937562913,0.0,3.0,1206.0
710,Task_S1_710,S1,14,25.78796631338523,3.970813776984829,0.0,3.0,872.0
711,Task_S5_711,S5,15,47.938058973361095,2.434042824619772,0.0,4.0,1710.0
712,Task_S5_712,S5,16,17.15437792564135,4.913528643429309,1.0,3.0,1239.0
713,Task_S2_713,S2,17,38.74851181348599,2.886259532431476,0.0,3.0,1071.0
714,Task_S3_714,S3,18,55.69077992696755,2.1268575254171105,0.0,3.0,1606.0
715,Task_S3_715,S3,19,20.709066039528253,4.975411531998451,0.0,3.0,746.0
716,Task_S4_716,S4,20,42.9266741600041,2.6009967901648294,0.0,3.0,2812.0
717,Task_S2_717,S2,21,26.937006945635602,2.8287108040116933,1.0,4.0,2656.0
718,Task_S2_718,S2,22,46.2263441050811,1.1515728266116554,1.0,3.0,2239.0
719,Task_S2_719,S2,23,35.40204698249893,2.996670420396437,0.0,3.0,676.0
720,Task_S2_720,S2,24,38.3810252766193,2.8729038005889493,0.0,4.0,2417.0
721,Task_S3_721,S3,25,43.358526124366904,1.5968111913700458,1.0,3.0,2500.0
722,Task_S3_722,S3,26,57.8439263690468,0.8447758116271977,1.0,4.0,2396.0
723,Task_S2_723,S2,27,21.33332862499284,3.696376243052926,1.0,2.0,696.0
724,Task_S4_724,S4,28,21.2733839100948,3.6262409107823466,1.0,3.0,2074.0
725,Task_S1_725,S1,29,57.3128177327062,0.962700200231982,1.0,3.0,2569.0
726,Task_S1_726,S1,1,42.59027751137198,2.699647239544726,0.0,3.0,1901.0
727,Task_S4_727,S4,2,56.0296340964389,2.267479441905892,0.0,3.0,2080.0
728,Task_S2_728,S2,3,41.83653416906888,2.5556225683816876,0.0,3.0,1591.0
729,Task_S3_729,S3,4,51.27963875688079,1.135791630116997,1.0,3.0,1774.0
730,Task_S1_730,S1,5,29.63383369277833,2.5147797896803987,1.0,2.0,489.0
731,Task_S5_731,S5,6,50.3009165371835,2.1886876743751236,0.0,4.0,2061.0
732,Task_S5_732,S5,7,49.580472443179275,2.2244014462180752,0.0,3.0,611.0
733,Task_S4_733,S4,8,40.5401082753112,2.6124140135545786,0.0,4.0,1531.0
734,Task_S2_734,S2,9,23.0359222921715,3.5770178896345124,1.0,3.0,1160.0
735,Task_S1_735,S1,10,29.84246795396017,2.55677102150818,1.0,3.0,1818.0
736,Task_S2_736,S2,11,21.68019543769789,3.784985060879502,1.0,3.0,746.0
737,Task_S1_737,S1,12,30.8656453294824,2.3818837585492085,1.0,3.0,2198.0
738,Task_S4_738,S4,13,34.5917679541116,3.0096918188915134,0.0,3.0,2467.0
739,Task_S4_739,S4,14,36.328959316788534,2.91667958974875,0.0,3.0,824.0
740,Task_S5_740,S5,15,36.87573531412777,3.0308562003284805,0.0,2.0,671.0
741,Task_S2_741,S2,16,30.95169116591007,3.5349402118680584,0.0,3.0,778.0
742,Task_S5_742,S5,17,48.0194894975139,1.4104469982540837,1.0,3.0,2680.0
743,Task_S2_743,S2,18,22.129457427287228,4.686393211463418,0.0,3.0,1773.0
744,Task_S5_744,S5,19,21.58592243042393,4.796577775344199,0.0,3.0,1614.0
745,Task_S3_745,S3,20,20.26043206263691,4.028048975278205,1.0,3.0,677.0
746,Task_S3_746,S3,21,41.1673280094543,1.6207335943489904,1.0,3.0,2088.0
747,Task_S3_747,S3,22,31.843781842568703,2.078826957602511,1.0,3.0,2656.0
748,Task_S3_748,S3,23,34.097792440908,3.0987542021751073,0.0,3.0,2553.0
749,Task_S1_749,S1,24,36.1512246636702,2.0253111384638496,1.0,4.0,2027.0
750,Task_S3_750,S3,25,45.45326827688696,1.4951542146296197,1.0,3.0,595.0
751,Task_S4_751,S4,26,14.01564678980257,6.805084863657823,0.0,3.0,692.0
752,Task_S4_752,S4,27,38.616169641892625,1.7429851829464456,1.0,3.0,528.0
753,Task_S1_753,S1,28,42.1022910560295,2.4566396431015827,0.0,3.0,1069.0
754,Task_S3_754,S3,29,45.709830287350414,2.3886883377804384,0.0,3.0,752.0
755,Task_S3_755,S3,1,52.69074208569414,2.2680761846092716,0.0,3.0,1076.0
756,Task_S3_756,S3,2,17.8112686823181,5.829967660908328,0.0,3.0,1401.0
757,Task_S5_757,S5,3,30.410124413453403,3.4048535150119275,0.0,4.0,2851.0
758,Task_S2_758,S2,4,55.381740539401704,1.996624915319399,0.0,4.0,1986.0
759,Task_S5_759,S5,5,41.1954017013591,2.620341747865444,0.0,3.0,2570.0
760,Task_S2_760,S2,6,43.818195066598804,2.4706414248583304,0.0,3.0,2246.0
761,Task_S3_761,S3,7,39.98362884577211,1.6873525518911179,1.0,3.0,692.0
762,Task_S3_762,S3,8,48.7296294626868,2.2159756604364387,0.0,3.0,2313.0
763,Task_S5_763,S5,9,52.845901592928925,2.273729968751158,0.0,3.0,1115.0
764,Task_S5_764,S5,10,60.186378707398006,0.9488390161075362,1.0,4.0,2061.0
765,Task_S2_765,S2,11,45.23880409459645,2.538537670684719,0.0,3.0,1286.0
766,Task_S4_766,S4,12,36.458587790646604,2.9133226557445457,0.0,4.0,2993.0
767,Task_S2_767,S2,13,50.61626532523181,1.1374271599533698,1.0,3.0,1085.0
768,Task_S5_768,S5,14,17.59753270169601,5.614851654956333,0.0,3.0,1125.0
769,Task_S5_769,S5,15,33.3419734372911,3.3025320038690524,0.0,4.0,2819.0
770,Task_S1_770,S1,16,48.21580595882079,2.437082988299473,0.0,3.0,464.0
771,Task_S5_771,S5,17,31.3046174199258,3.465974786036696,0.0,3.0,2211.0
772,Task_S1_772,S1,18,30.255285464436298,2.562361115606465,1.0,3.0,2285.0
773,Task_S4_773,S4,19,28.3979332319451,3.770640766554863,0.0,4.0,2574.0
774,Task_S2_774,S2,20,59.0321813441769,0.990248922969774,1.0,4.0,2933.0
775,Task_S2_775,S2,21,44.685155316679996,1.4381241109522875,1.0,3.0,2936.0
776,Task_S1_776,S1,22,39.84432597053023,2.4824310803108,0.0,3.0,569.0
777,Task_S2_777,S2,23,32.2465665587889,2.257401548000821,1.0,4.0,2536.0
778,Task_S5_778,S5,24,50.7236459779947,2.26696155264881,0.0,4.0,2080.0
779,Task_S3_779,S3,25,50.815669545334096,1.272371280197417,1.0,3.0,2083.0
780,Task_S1_780,S1,26,26.172470042323027,2.825560506731196,1.0,3.0,733.0
781,Task_S2_781,S2,27,36.8797384842048,1.8586971070461407,1.0,3.0,2090.0
782,Task_S1_782,S1,28,33.1598846450242,3.0639877091912933,0.0,4.0,2954.0
783,Task_S1_783,S1,29,62.916082336929,1.812362827358886,0.0,4.0,2770.0
784,Task_S3_784,S3,1,43.53280167279956,2.65109348263906,0.0,3.0,1541.0
785,Task_S5_785,S5,2,49.90107888133983,2.4786000025363277,0.0,3.0,503.0
786,Task_S1_786,S1,3,28.84523711516796,2.571785045542871,1.0,3.0,1341.0
787,Task_S2_787,S2,4,54.0187105706828,1.0405645577129126,1.0,3.0,2548.0
788,Task_S4_788,S4,5,51.7538340744369,1.1460120815817358,1.0,4.0,2223.0
789,Task_S1_789,S1,6,45.637693597383134,2.3835931272919186,0.0,3.0,1594.0
790,Task_S1_790,S1,7,51.3418789677368,2.157869931622178,0.0,2.0,543.0
791,Task_S3_791,S3,8,33.29184490595553,3.121247272262676,0.0,3.0,1509.0
792,Task_S5_792,S5,9,23.32601715992279,4.527403432311322,0.0,3.0,1619.0
793,Task_S4_793,S4,10,50.939576297386196,2.2398024574229005,0.0,3.0,2814.0
794,Task_S2_794,S2,11,49.5065113656564,1.3557947094232965,1.0,3.0,2066.0
795,Task_S4_795,S4,12,39.05391085486304,1.740342971846487,1.0,4.0,1210.0
796,Task_S2_796,S2,13,27.10185316319528,3.7585375449986747,0.0,3.0,1765.0
797,Task_S5_797,S5,14,33.03695666846228,3.1757772980052117,0.0,3.0,571.0
798,Task_S2_798,S2,15,37.130976526211796,3.0131831384603243,0.0,3.0,2928.0
799,Task_S3_799,S3,16,33.77943985176704,2.28047736811815,1.0,3.0,1336.0
800,Task_S3_800,S3,17,44.02101864765737,2.5916268220680876,0.0,3.0,1642.0
801,Task_S3_801,S3,18,46.427281372713395,1.4713933414792733,1.0,3.0,1323.0
802,Task_S3_802,S3,19,30.1616401275643,2.578114802878771,1.0,3.0,2174.0
803,Task_S4_803,S4,20,36.822032484162804,1.968437263081623,1.0,3.0,2121.0
804,Task_S5_804,S5,21,32.065652876544,2.2735155569962604,1.0,4.0,2259.0
805,Task_S2_805,S2,22,23.43112653942977,4.12724972340072,0.0,3.0,1097.0
806,Task_S2_806,S2,23,47.43917905496636,1.314016724746641,1.0,3.0,1220.0
807,Task_S3_807,S3,24,49.9983737817304,2.29445666955767,0.0,2.0,725.0
808,Task_S3_808,S3,25,35.3309170613826,3.0949297772715805,0.0,3.0,2104.0
809,Task_S1_809,S1,26,42.56851963031418,1.4406002824088349,1.0,2.0,503.0
810,Task_S5_810,S5,27,55.64968193638137,1.9839983359546995,0.0,3.0,1953.0
811,Task_S4_811,S4,28,57.1510149242805,0.8562377967572206,1.0,3.0,2661.0
812,Task_S2_812,S2,29,30.8933534693342,3.383260891820945,0.0,3.0,2716.0
813,Task_S1_813,S1,1,56.089166145343995,1.1572035255190025,1.0,3.0,1567.0
814,Task_S1_814,S1,2,33.03800556394846,2.451897564985694,1.0,3.0,1594.0
815,Task_S2_815,S2,3,26.57022582605773,2.848267896482709,1.0,3.0,600.0
816,Task_S4_816,S4,4,23.217198421870698,3.3522978625762816,1.0,3.0,2143.0
817,Task_S1_817,S1,5,42.1233186290423,2.5693462546638672,0.0,3.0,2535.0
818,Task_S1_818,S1,6,19.541060335498372,5.107702618329601,0.0,3.0,1036.0
819,Task_S5_819,S5,7,27.418504298330742,2.766187908617667,1.0,3.0,1495.0
820,Task_S4_820,S4,8,35.5826162486398,2.93864081563586,0.0,3.0,2580.0
821,Task_S1_821,S1,9,55.7556190192771,1.1785184928981058,1.0,4.0,2680.0
822,Task_S4_822,S4,10,50.180885759270836,2.2683427530713045,0.0,3.0,1032.0
823,Task_S2_823,S2,11,31.25607094749654,3.476043573132154,0.0,4.0,1831.0
824,Task_S3_824,S3,12,48.85033580804875,2.249712406142046,0.0,3.0,900.0
825,Task_S1_825,S1,13,47.61366142860584,2.2570882993250794,0.0,3.0,664.0
826,Task_S5_826,S5,14,54.430604533490296,2.041851838876612,0.0,3.0,2768.0
827,Task_S2_827,S2,15,28.5344021156247,2.776525414568661,1.0,3.0,2533.0
828,Task_S4_828,S4,16,49.493367599470496,2.3856735421051143,0.0,4.0,2376.0
829,Task_S2_829,S2,17,50.43492472779363,2.3146463376704816,0.0,2.0,526.0
830,Task_S1_830,S1,18,50.2700934559196,2.3133570580274885,0.0,4.0,2593.0
831,Task_S4_831,S4,19,30.95924695108339,3.498025960679601,0.0,2.0,1538.0
832,Task_S3_832,S3,20,36.47430930007948,2.9929705166445006,0.0,3.0,1290.0
833,Task_S2_833,S2,21,44.933194427371994,2.4263040855376077,0.0,3.0,1820.0
834,Task_S1_834,S1,22,33.61040850454633,2.92341483340324,0.0,3.0,637.0
835,Task_S5_835,S5,23,26.634522810820002,3.8682342458048926,0.0,4.0,2367.0
836,Task_S4_836,S4,24,32.05421778562865,3.3589423513309704,0.0,3.0,1914.0
837,Task_S2_837,S2,25,46.52151248149649,1.4467632793513308,1.0,3.0,885.0
838,Task_S2_838,S2,26,48.90374044081829,2.1492228887529694,0.0,3.0,889.0
839,Task_S3_839,S3,27,19.88723377906757,5.0063767429988175,0.0,3.0,879.0
840,Task_S3_840,S3,28,50.836501134124134,1.0657199055963082,1.0,3.0,548.0
841,Task_S5_841,S5,29,32.7942845557763,2.2068916166248687,1.0,4.0,1928.0
842,Task_S5_842,S5,1,49.4170758578794,2.389012668591716,0.0,3.0,2584.0
843,Task_S1_843,S1,2,42.30048262010335,1.823448183249626,1.0,3.0,445.0
844,Task_S1_844,S1,3,45.11490977014186,1.3896627235481929,1.0,3.0,527.0
845,Task_S5_845,S5,4,57.2760016859675,1.9389732806891686,0.0,3.0,1889.0
846,Task_S5_846,S5,5,35.1702258311716,2.015120147449371,1.0,4.0,2530.0
847,Task_S4_847,S4,6,50.58786375945444,2.1778451762294027,0.0,3.0,1249.0
848,Task_S3_848,S3,7,21.81246332194869,3.6309225706115127,1.0,3.0,1308.0
849,Task_S1_849,S1,8,47.95414072160179,1.247830164034582,1.0,3.0,1950.0
850,Task_S3_850,S3,9,45.24387673917331,2.579026870560748,0.0,3.0,1112.0
851,Task_S3_851,S3,10,39.45483840706269,2.7863805424366084,0.0,3.0,469.0
852,Task_S5_852,S5,11,31.650560180726902,2.438586567863931,1.0,4.0,2311.0
853,Task_S4_853,S4,12,55.055174748847,1.0276644837688034,1.0,4.0,2026.0
854,Task_S2_854,S2,13,26.30416652253937,3.862498062950591,0.0,4.0,1909.0
855,Task_S4_855,S4,14,23.7872853377269,3.272120715112745,1.0,3.0,2328.0
856,Task_S4_856,S4,15,49.476600512783,1.371759413775973,1.0,3.0,2155.0
857,Task_S3_857,S3,16,33.69549445562758,2.2874340351744458,1.0,3.0,935.0
858,Task_S4_858,S4,17,50.54617440861057,2.310450253162755,0.0,3.0,1316.0
859,Task_S1_859,S1,18,28.97531748415253,3.6989803489860122,0.0,2.0,727.0
860,Task_S3_860,S3,19,20.41928471474095,5.037731079322915,0.0,3.0,737.0
861,Task_S1_861,S1,20,54.2482324014298,2.134488361710093,0.0,3.0,2158.0
862,Task_S2_862,S2,21,45.1181866563754,2.417571263437019,0.0,3.0,2632.0
863,Task_S3_863,S3,22,32.083355285809,3.05677861406297,0.0,4.0,2903.0
864,Task_S2_864,S2,23,48.9838724716006,2.250217467646113,0.0,4.0,2033.0
865,Task_S3_865,S3,24,34.83786274327244,2.1239547998784296,1.0,3.0,878.0
866,Task_S5_866,S5,25,37.545973780448904,2.9367578271101227,0.0,3.0,674.0
867,Task_S4_867,S4,26,41.002996158241196,2.526147622192789,0.0,3.0,2513.0
868,Task_S5_868,S5,27,52.67219354540029,2.0819255176982514,0.0,3.0,1904.0
869,Task_S2_869,S2,28,53.2202139005004,0.9809079619564534,1.0,4.0,2007.0
870,Task_S4_870,S4,29,50.53456002678669,1.1882567674517261,1.0,4.0,2431.0
871,Task_S3_871,S3,1,25.3586590563804,4.199377392547485,0.0,3.0,2228.0
872,Task_S4_872,S4,2,56.4021117632921,2.2561012885429426,0.0,3.0,2569.0
873,Task_S1_873,S1,3,39.57129999229482,2.685963210504101,0.0,2.0,546.0
874,Task_S4_874,S4,4,49.5987349178766,1.199335056983112,1.0,4.0,2343.0
875,Task_S1_875,S1,5,37.5803994613421,2.8424050149226585,0.0,3.0,2612.0
876,Task_S4_876,S4,6,50.89093779823839,2.1665235275901806,0.0,3.0,1143.0
877,Task_S1_877,S1,7,49.3406785713066,2.2338189571557474,0.0,4.0,2065.0
878,Task_S2_878,S2,8,20.58772549104844,4.837364019572076,0.0,3.0,1216.0
879,Task_S5_879,S5,9,40.7647452405184,2.8109423521910326,0.0,4.0,2890.0
880,Task_S3_880,S3,10,47.88972092006725,2.3599080651662723,0.0,2.0,486.0
881,Task_S4_881,S4,11,21.42517503772362,4.835125979739711,0.0,3.0,1907.0
882,Task_S5_882,S5,12,52.6212108973257,2.108641504796349,0.0,3.0,832.0
883,Task_S3_883,S3,13,48.425365400085596,1.2233059809800024,1.0,3.0,2251.0
884,Task_S3_884,S3,14,39.54161279017771,1.704395727834759,1.0,3.0,857.0
885,Task_S1_885,S1,15,25.88235266419835,4.110555942610628,0.0,3.0,1011.0
886,Task_S2_886,S2,16,28.37849209316196,3.809066089674763,0.0,3.0,1685.0
887,Task_S2_887,S2,17,61.5751831295032,1.9685196975389072,0.0,4.0,2778.0
888,Task_S5_888,S5,18,26.68318500728852,3.9752033681617958,0.0,3.0,950.0
889,Task_S2_889,S2,19,44.89533214329535,1.5479119162992916,1.0,3.0,775.0
890,Task_S4_890,S4,20,37.5915707423856,2.915715139199046,0.0,4.0,2373.0
891,Task_S2_891,S2,21,24.0782167517293,4.236753639000643,0.0,4.0,1701.0
892,Task_S5_892,S5,22,24.2818183687774,2.98952228771986,1.0,3.0,2770.0
893,Task_S2_893,S2,23,35.67628272368795,1.976129829255214,1.0,3.0,781.0
894,Task_S4_894,S4,24,59.428215351256796,1.9884659180196844,0.0,3.0,2079.0
895,Task_S1_895,S1,25,29.7928766523418,2.589957473121762,1.0,3.0,1005.0
896,Task_S5_896,S5,26,28.32557893219311,3.5553574355678665,0.0,3.0,807.0
897,Task_S1_897,S1,27,34.6482471110222,2.0239503764898186,1.0,3.0,2176.0
898,Task_S1_898,S1,28,40.53965355100783,2.5439156802154756,0.0,3.0,1943.0
899,Task_S1_899,S1,29,39.439352295682,2.7206501811317536,0.0,3.0,2362.0
900,Task_S3_900,S3,1,51.21959856288097,2.3205475189641267,0.0,2.0,1204.0
901,Task_S3_901,S3,2,38.04446320190807,3.0751877076993077,0.0,3.0,1564.0
902,Task_S1_902,S1,3,37.58144531983824,2.813086154674569,0.0,3.0,1454.0
903,Task_S5_903,S5,4,30.328026820387,2.4150310141137137,1.0,4.0,2958.0
904,Task_S4_904,S4,5,55.10881807402744,1.0326663150550872,1.0,3.0,1159.0
905,Task_S4_905,S4,6,25.83153973326117,3.966361954601275,0.0,3.0,1166.0
906,Task_S2_906,S2,7,19.543689413156002,5.1150287150947396,0.0,3.0,1321.0
907,Task_S5_907,S5,8,45.86557301578257,2.3388644929754783,0.0,3.0,1867.0
908,Task_S3_908,S3,9,39.09485048170359,1.910664280253536,1.0,3.0,1056.0
909,Task_S1_909,S1,10,40.504595384640396,1.7238600896188099,1.0,4.0,2779.0
910,Task_S2_910,S2,11,32.34160169848853,2.37510801102404,1.0,3.0,1090.0
911,Task_S4_911,S4,12,55.0481613521398,1.0278877131339215,1.0,4.0,2729.0
912,Task_S3_912,S3,13,21.1736814313916,4.709904389887396,0.0,2.0,669.0
913,Task_S3_913,S3,14,53.3454478889911,2.0778748196698547,0.0,3.0,2107.0
914,Task_S1_914,S1,15,49.7406962954979,1.3614480776266729,1.0,4.0,2758.0
915,Task_S4_915,S4,16,30.952533650357978,2.5348576911987233,1.0,2.0,838.0
916,Task_S5_916,S5,17,42.909395144645,1.6478590057106364,1.0,4.0,2917.0
917,Task_S3_917,S3,18,28.15337197284545,2.793037201714762,1.0,3.0,1577.0
918,Task_S1_918,S1,19,54.3788697176123,2.1747839813974568,0.0,4.0,2858.0
919,Task_S5_919,S5,20,41.3136502594013,1.6877792563616176,1.0,3.0,2159.0
920,Task_S4_920,S4,21,28.75481101834987,3.6100303332921206,0.0,3.0,1184.0
921,Task_S3_921,S3,22,38.28993745436038,1.5792915360283093,1.0,3.0,889.0
922,Task_S5_922,S5,23,55.77793368297919,2.010819768367277,0.0,3.0,1189.0
923,Task_S5_923,S5,24,30.619717506676977,3.496193430293901,0.0,3.0,641.0
924,Task_S5_924,S5,25,50.69793959360809,2.276766216821561,0.0,2.0,774.0
925,Task_S3_925,S3,26,27.161259321486853,3.6963426424920476,0.0,3.0,672.0
926,Task_S3_926,S3,27,19.68757434563965,5.052582845260721,0.0,3.0,1499.0
927,Task_S2_927,S2,28,30.5122031460858,2.309951160177402,1.0,4.0,2468.0
928,Task_S4_928,S4,29,30.58579193791982,3.413791823564277,0.0,2.0,767.0
929,Task_S1_929,S1,1,22.47956277502317,4.664580782225571,0.0,3.0,738.0
930,Task_S5_930,S5,2,20.3736578724555,4.192661446066574,1.0,3.0,2072.0
931,Task_S2_931,S2,3,51.16344027548596,1.1382181393433002,1.0,2.0,912.0
932,Task_S1_932,S1,4,47.024106944654086,2.305288610638587,0.0,3.0,653.0
933,Task_S2_933,S2,5,43.86072077615041,1.4795368264401092,1.0,3.0,833.0
934,Task_S3_934,S3,6,30.7210919722392,3.3918813565792223,0.0,4.0,2801.0
935,Task_S5_935,S5,7,27.4936693344899,3.756905380489033,0.0,3.0,2535.0
936,Task_S1_936,S1,8,19.30702928951152,4.129505240040031,1.0,4.0,1320.0
937,Task_S1_937,S1,9,49.486837526173,1.3972926906104202,1.0,3.0,2105.0
938,Task_S1_938,S1,10,56.1369021851999,2.0646707199265055,0.0,3.0,1796.0
939,Task_S1_939,S1,11,38.0240482617948,1.9383744354772348,1.0,3.0,2160.0
940,Task_S1_940,S1,12,25.640351861857802,3.997412039893593,0.0,4.0,2174.0
941,Task_S2_941,S2,13,40.6692550250642,1.5999042816102085,1.0,4.0,2034.0
942,Task_S5_942,S5,14,29.412594089330213,2.52590578771143,1.0,3.0,1091.0
943,Task_S3_943,S3,15,27.50008044391654,3.8994054576508415,0.0,3.0,501.0
944,Task_S3_944,S3,16,42.775593132099715,1.6895933763739128,1.0,3.0,1584.0
945,Task_S3_945,S3,17,52.3313850314673,2.245510570660468,0.0,4.0,2716.0
946,Task_S3_946,S3,18,23.827608315667888,3.39067644671546,1.0,4.0,1880.0
947,Task_S2_947,S2,19,24.2446927743839,4.330269734864827,0.0,4.0,2564.0
948,Task_S4_948,S4,20,64.66432856592459,0.847372566567743,1.0,3.0,2978.0
949,Task_S5_949,S5,21,23.436144610419692,4.341527871596377,0.0,2.0,825.0
950,Task_S1_950,S1,22,23.1463303051842,3.175526649765983,1.0,3.0,2198.0
951,Task_S4_951,S4,23,28.3608296219371,2.6554704687210586,1.0,3.0,2153.0
952,Task_S3_952,S3,24,26.2977346695962,3.9969174721346024,0.0,3.0,2947.0
953,Task_S4_953,S4,25,40.4852453260733,1.7529487197174123,1.0,4.0,2962.0
954,Task_S5_954,S5,26,53.0228933304667,1.9964321702793693,0.0,4.0,2185.0
955,Task_S1_955,S1,27,28.81677028607733,2.5725806582563666,1.0,3.0,1033.0
956,Task_S1_956,S1,28,40.1485621708325,2.566795927261757,0.0,4.0,2476.0
957,Task_S5_957,S5,29,40.4148496874411,1.6624042178545264,1.0,2.0,678.0
958,Task_S5_958,S5,1,42.5048537570264,2.7041517884629784,0.0,3.0,2429.0
959,Task_S3_959,S3,2,58.2903770547341,1.200619439265973,1.0,4.0,2766.0
960,Task_S1_960,S1,3,51.61826113381996,2.1216475614206325,0.0,3.0,1395.0
961,Task_S4_961,S4,4,20.5946866544261,3.8537698046403293,1.0,3.0,2039.0
962,Task_S2_962,S2,5,48.713707776586745,2.2619329008840063,0.0,3.0,1518.0
963,Task_S2_963,S2,6,36.120289724512666,1.9333492526980072,1.0,3.0,1538.0
964,Task_S5_964,S5,7,55.58844321055206,1.0144991531607497,1.0,3.0,1206.0
965,Task_S3_965,S3,8,41.2369681008716,2.5726962242145524,0.0,3.0,2381.0
966,Task_S2_966,S2,9,63.646133149696496,0.9634613435744483,1.0,4.0,2834.0
967,Task_S1_967,S1,10,54.4125356182775,2.1191341362806555,0.0,3.0,2845.0
968,Task_S5_968,S5,11,24.21635208790644,4.341532647643698,0.0,3.0,854.0
969,Task_S4_969,S4,12,44.9074666170137,2.4220027563734297,0.0,3.0,2674.0
970,Task_S5_970,S5,13,61.2720343176959,0.8059106474217783,1.0,3.0,2317.0
971,Task_S4_971,S4,14,49.58811051905076,1.214543361542292,1.0,3.0,1057.0
972,Task_S5_972,S5,15,16.76937571962849,5.018303152372654,1.0,3.0,574.0
973,Task_S5_973,S5,16,43.73884434189671,1.6404094990753513,1.0,3.0,1096.0
974,Task_S5_974,S5,17,37.6818905129923,2.955631128664606,0.0,3.0,2771.0
975,Task_S4_975,S4,18,20.5106132488589,5.0117701815828095,0.0,3.0,2046.0
976,Task_S4_976,S4,19,37.5129493527523,2.9655703589200564,0.0,4.0,2274.0
977,Task_S5_977,S5,20,24.733157433417148,3.210512628981655,1.0,3.0,1068.0
978,Task_S2_978,S2,21,54.1068168432916,1.0638868145680047,1.0,4.0,2270.0
979,Task_S3_979,S3,22,25.858803935443607,2.757284576565058,1.0,3.0,473.0
980,Task_S3_980,S3,23,49.98012525320188,1.2111208894311858,1.0,3.0,1375.0
981,Task_S3_981,S3,24,20.1717110844421,4.056893631812032,1.0,4.0,2029.0
982,Task_S4_982,S4,25,26.21202135308196,4.01729959916737,0.0,3.0,779.0
983,Task_S4_983,S4,26,32.345655040120704,2.1442565355287795,1.0,3.0,2539.0
984,Task_S2_984,S2,27,24.39810132729934,4.1560655496520145,0.0,3.0,1011.0
985,Task_S3_985,S3,28,23.2071192572583,4.267593480578853,0.0,3.0,2095.0
986,Task_S3_986,S3,29,24.75253366989939,3.130924433309043,1.0,3.0,1453.0
987,Task_S5_987,S5,1,41.97054953663421,2.7327329571887193,0.0,3.0,1949.0
988,Task_S4_988,S4,2,25.051300097685612,3.3525851201215247,1.0,3.0,679.0
989,Task_S3_989,S3,3,28.9156576921468,3.5638977885784917,0.0,3.0,443.0
990,Task_S2_990,S2,4,38.8990127698314,2.7293287376958975,0.0,3.0,2764.0
991,Task_S2_991,S2,5,50.54138711396918,1.1906036366163728,1.0,3.0,1101.0
992,Task_S3_992,S3,6,58.8677609965666,1.9097528480096517,0.0,3.0,2531.0
993,Task_S4_993,S4,7,44.709832772373,1.4350669798382931,1.0,3.0,2998.0
994,Task_S2_994,S2,8,27.95484436661005,3.658755555021269,0.0,4.0,949.0
995,Task_S5_995,S5,9,19.71924779547812,5.243008453031832,0.0,3.0,1089.0
996,Task_S2_996,S2,10,58.7532924145345,0.9880362799044047,1.0,3.0,2123.0
997,Task_S1_997,S1,11,26.95991004582,3.952401397284801,0.0,4.0,2910.0
998,Task_S1_998,S1,12,35.8115976292109,2.96024304539249,0.0,4.0,2781.0
999,Task_S4_999,S4,13,30.460029807652802,3.3786898923811925,0.0,2.0,1707.0
1000,Task_S3_1000,S3,14,35.152485118456,2.0038558768975094,1.0,3.0,2467.0
